rainfall_mm,temperature_c,humidity_pct,wind_speed_kmh,river_level_m,soil_moisture_pct,evaporation_mm,pressure_hpa,season,land_use,water_rise_cm
116.09,-2.5,89.0,49.8,5.87,27.5,4.55,1024.6,winter,wetland,40.39
65.83,13.3,61.2,35.6,3.18,63.0,1.19,1034.1,autumn,urban,41.87
128.79,0.2,96.7,14.7,6.89,71.3,5.69,1015.9,spring,wetland,65.78
104.61,1.1,75.6,44.7,2.31,23.3,1.56,1011.7,winter,wetland,42.74
14.13,20.3,38.1,5.1,4.54,13.5,0.61,1033.4,winter,wetland,11.3
146.34,10.7,92.0,46.5,1.88,45.2,4.99,1007.3,summer,urban,65.22
114.17,31.9,64.2,35.4,4.21,71.9,6.55,1028.7,summer,wetland,59.14
117.91,7.8,39.9,6.6,1.64,62.1,8.54,983.2,spring,forest,57.12
19.22,24.0,40.7,4.8,1.71,66.2,7.83,980.1,winter,agricultural,19.81
67.56,13.4,78.1,45.1,5.09,42.2,8.57,1011.7,winter,forest,30.98
55.62,21.4,33.3,17.6,2.48,28.8,7.6,984.4,spring,agricultural,28.87
139.01,19.0,50.1,53.4,1.79,52.5,7.03,1038.6,autumn,agricultural,60.63
96.58,13.9,39.8,45.7,7.47,26.3,0.1,980.3,summer,agricultural,41.86
123.41,33.0,60.9,41.9,0.82,68.1,6.26,1023.1,autumn,forest,51.16
66.51,8.7,59.0,16.7,4.74,25.8,1.2,994.6,spring,forest,36.21
34.09,2.1,66.5,42.5,4.61,33.3,0.59,1038.1,winter,urban,28.06
83.19,22.1,49.6,56.9,2.38,50.5,1.56,1002.9,summer,urban,33.63
9.57,28.8,32.2,5.5,3.9,48.9,8.23,981.6,winter,wetland,11.97
124.14,-3.4,73.0,19.6,1.16,58.1,7.44,981.6,spring,forest,54.08
94.75,13.0,56.2,14.1,5.91,45.0,9.49,1013.2,autumn,wetland,46.32
113.71,30.7,75.6,23.6,2.16,83.6,9.79,1039.2,summer,agricultural,50.49
53.18,25.0,37.6,44.5,1.95,77.2,8.93,1038.8,winter,agricultural,39.83
145.6,34.7,31.0,28.5,2.86,80.3,1.33,1000.2,autumn,agricultural,66.78
133.97,16.3,47.4,34.2,7.27,60.4,8.78,1009.0,autumn,forest,63.29
116.76,21.4,62.0,18.8,6.47,60.8,8.39,986.0,spring,wetland,63.16
29.2,7.1,57.6,8.5,7.6,58.7,8.71,1011.3,autumn,forest,22.26
70.01,32.9,86.7,16.0,5.39,44.8,1.52,1016.0,spring,agricultural,34.69
6.57,9.7,56.4,51.6,5.47,35.8,1.17,995.1,summer,wetland,4.69
23.14,24.5,67.1,36.1,4.1,57.4,9.24,1016.7,spring,forest,17.94
102.46,11.1,71.5,22.7,7.29,12.0,1.74,1034.0,spring,agricultural,35.51
111.71,17.5,31.5,47.4,4.33,10.6,3.69,980.1,autumn,urban,46.76
145.13,23.8,66.1,3.9,3.16,78.1,4.56,993.7,spring,forest,66.84
48.87,15.4,54.1,15.2,5.3,13.7,1.24,992.6,autumn,forest,21.65
55.57,31.3,59.5,13.8,4.6,52.0,0.21,987.4,winter,wetland,30.13
70.43,11.8,37.0,59.1,1.43,59.2,9.94,990.0,spring,urban,36.8
28.42,20.9,84.8,42.4,3.45,25.9,8.77,1017.6,autumn,urban,9.62
19.49,8.7,96.0,37.1,2.85,81.7,9.12,986.2,summer,wetland,21.17
71.36,11.3,31.6,0.3,6.85,25.2,2.85,1024.3,summer,forest,37.59
34.04,12.6,72.1,11.1,3.34,80.8,2.2,1033.2,autumn,urban,17.46
100.47,0.0,83.5,38.1,6.66,71.0,4.26,1035.6,autumn,urban,53.6
65.57,-1.3,49.9,22.8,3.82,29.3,4.53,1019.6,autumn,agricultural,21.34
124.9,21.7,85.1,55.5,6.15,22.1,0.06,991.8,spring,forest,50.25
105.04,21.2,74.3,45.9,1.51,35.3,7.79,985.1,autumn,urban,36.15
46.85,21.5,95.0,26.8,7.43,41.8,9.97,993.9,summer,agricultural,34.74
124.84,-4.2,98.7,45.0,4.1,29.7,5.29,1037.7,summer,forest,44.48
120.71,8.1,33.0,58.5,2.45,89.9,3.88,1037.7,winter,wetland,48.08
58.12,2.9,61.1,27.7,2.31,28.4,3.93,1002.9,spring,agricultural,26.36
43.25,26.1,68.3,38.6,2.49,76.5,0.96,999.5,summer,agricultural,25.71
102.37,29.4,40.3,55.1,3.25,22.7,2.66,1010.6,summer,agricultural,33.08
20.96,4.9,53.5,14.9,5.88,88.4,5.02,997.5,spring,urban,27.38
29.99,21.7,99.1,53.2,7.62,28.0,4.32,1038.8,winter,urban,9.56
1.1,0.2,31.1,5.9,5.52,43.7,5.45,993.3,summer,wetland,5.79
118.04,6.0,61.7,38.9,4.6,54.7,8.49,1002.1,autumn,urban,49.12
99.73,0.5,89.0,47.0,3.86,19.6,2.25,1005.8,summer,wetland,43.9
105.77,6.3,52.7,36.9,6.71,75.3,0.28,987.5,winter,urban,59.42
117.11,22.0,63.6,29.7,6.87,32.0,0.38,1003.0,autumn,forest,56.18
68.84,31.4,98.5,37.0,2.7,53.9,1.34,1031.4,summer,wetland,32.77
85.31,3.1,63.2,9.1,7.65,54.0,5.7,988.4,winter,forest,31.47
20.97,16.7,39.2,12.9,3.46,58.2,8.08,1015.0,winter,forest,20.13
17.18,23.1,33.6,16.2,6.5,14.4,8.87,1004.4,autumn,agricultural,19.96
100.26,33.1,96.2,35.9,7.75,23.5,6.35,990.2,spring,forest,49.95
70.66,19.4,48.6,26.5,5.78,22.9,4.03,980.7,autumn,forest,34.37
84.79,5.2,65.3,14.7,1.71,34.2,1.55,996.4,autumn,agricultural,29.85
114.75,20.0,36.3,53.0,4.9,21.6,4.01,983.7,summer,urban,43.43
95.21,7.8,59.7,22.4,1.39,83.8,3.32,1002.6,spring,wetland,56.05
83.04,34.0,95.1,26.8,6.42,51.0,8.7,1028.6,autumn,urban,33.8
83.88,11.0,65.2,24.6,2.61,59.9,4.87,1023.2,winter,wetland,33.95
45.59,22.4,98.0,10.9,5.71,38.6,2.26,1036.8,summer,wetland,30.7
4.62,-4.1,48.1,43.9,7.33,32.1,2.89,1005.6,summer,urban,9.12
65.51,11.0,65.3,26.9,1.86,50.3,1.36,1022.5,spring,forest,25.44
32.19,30.0,90.2,1.0,3.45,33.5,9.19,1019.9,autumn,forest,26.22
61.28,19.4,61.4,57.8,5.35,37.5,0.5,993.0,winter,urban,32.48
128.01,12.8,49.6,48.9,3.65,46.2,0.13,998.2,winter,wetland,51.76
35.09,32.4,89.9,43.4,1.81,50.5,1.83,1011.8,summer,urban,14.61
8.75,29.2,57.3,52.1,0.72,88.7,8.11,1027.8,spring,urban,25.74
42.21,7.9,67.2,54.4,3.55,27.9,5.23,1007.7,summer,wetland,20.32
44.04,16.8,98.4,20.2,5.37,49.0,6.26,993.7,winter,forest,33.33
99.29,14.6,43.1,36.7,4.8,22.0,3.58,1039.6,spring,urban,45.44
83.55,20.3,51.1,36.5,1.67,38.0,0.69,986.9,spring,urban,32.91
117.58,8.4,32.2,16.0,3.88,67.4,8.56,1037.4,winter,agricultural,51.05
99.65,4.8,57.4,13.3,3.27,24.0,1.92,1028.5,autumn,urban,47.96
60.96,31.5,44.0,6.8,2.56,56.5,0.33,1030.3,spring,urban,39.02
122.1,32.0,77.6,39.6,5.97,43.3,5.73,1027.7,spring,forest,43.55
25.05,28.7,42.7,46.9,2.82,14.1,0.83,992.5,summer,urban,14.91
3.41,34.1,77.2,45.7,4.55,84.6,0.96,1018.0,autumn,agricultural,15.96
13.51,24.8,48.4,19.0,7.42,43.1,8.0,1025.4,winter,agricultural,11.18
108.35,25.6,54.9,12.3,4.54,72.7,4.92,1024.7,winter,wetland,53.28
69.28,25.5,54.4,27.2,5.13,43.3,2.42,996.3,summer,wetland,27.43
24.19,14.2,80.2,32.8,1.05,85.0,3.49,990.9,summer,wetland,18.89
75.16,13.3,62.7,55.1,1.84,33.2,7.29,999.7,winter,agricultural,27.3
22.85,4.6,55.3,52.5,1.26,43.0,0.66,1008.8,winter,forest,11.87
104.45,20.8,89.7,55.0,6.24,70.7,1.16,1014.4,spring,forest,50.64
66.92,6.6,70.0,51.0,6.77,37.5,6.16,1030.2,autumn,wetland,28.06
57.15,5.3,45.0,57.9,1.9,39.1,6.07,1026.1,autumn,forest,33.8
45.23,18.4,93.0,27.9,2.14,89.6,9.72,1020.6,spring,wetland,32.4
94.54,11.4,54.0,2.8,2.92,54.4,3.75,995.8,winter,forest,52.33
54.27,3.8,32.7,5.0,4.93,65.2,0.65,1008.7,summer,wetland,31.78
13.15,27.6,64.6,23.4,5.16,61.5,5.38,1000.1,autumn,forest,14.47
17.7,29.4,38.7,15.5,5.65,76.2,6.38,994.1,summer,forest,30.31
144.28,1.7,46.7,10.2,7.29,78.9,1.4,980.6,autumn,forest,65.01
136.29,-4.7,82.3,57.2,2.71,55.1,5.53,1000.4,winter,agricultural,55.82
104.96,8.4,39.2,11.7,5.44,33.6,1.98,995.4,summer,forest,49.39
39.88,26.9,86.5,57.6,4.7,11.8,8.45,1014.3,summer,agricultural,11.73
145.38,28.6,95.6,45.7,2.79,59.2,8.35,983.7,winter,forest,64.22
116.81,0.5,72.5,38.5,7.31,76.0,4.3,996.2,winter,agricultural,60.07
107.53,26.0,79.7,40.6,1.22,46.0,9.67,982.7,winter,wetland,50.57
67.4,-0.4,80.0,19.9,5.84,23.2,9.8,1018.5,winter,forest,35.3
40.84,10.6,99.5,38.8,5.96,33.0,1.29,1014.1,autumn,forest,29.68
14.46,34.9,53.9,11.2,7.36,50.8,3.68,1000.2,winter,urban,17.61
135.39,2.7,41.4,56.3,4.39,76.9,6.0,988.8,winter,wetland,56.7
68.37,1.2,66.3,18.1,2.91,23.7,0.85,1037.5,spring,wetland,39.96
30.35,11.9,67.3,15.3,6.71,59.0,3.83,1015.1,autumn,urban,16.71
45.89,19.8,42.5,42.7,6.28,70.3,2.61,1020.7,spring,agricultural,23.51
86.88,32.3,72.9,39.4,4.25,84.9,9.52,1011.9,autumn,forest,48.11
26.52,34.2,31.0,27.1,6.26,19.3,4.12,1028.4,summer,wetland,24.57
128.49,-2.2,94.9,37.9,2.51,84.1,7.63,1033.8,summer,forest,59.4
113.78,0.5,48.5,9.6,4.92,58.1,3.87,1003.0,winter,agricultural,57.09
107.92,26.6,32.8,40.4,6.99,71.3,1.32,1021.4,autumn,agricultural,43.21
64.81,5.8,37.6,16.2,2.88,14.3,8.63,993.8,autumn,wetland,23.88
94.1,30.4,46.8,16.4,4.13,50.5,0.0,1019.1,winter,wetland,34.11
87.61,21.5,49.2,9.7,7.63,59.8,0.56,1003.9,spring,wetland,49.42
97.48,-0.5,32.3,19.9,6.49,34.5,3.64,980.4,autumn,agricultural,36.17
12.67,28.3,49.6,19.9,7.15,44.5,6.87,1037.3,spring,agricultural,9.71
62.37,2.1,43.5,27.3,3.39,54.3,3.42,1032.1,spring,urban,34.55
6.24,11.9,56.5,11.4,7.97,54.2,0.66,997.5,spring,wetland,21.74
74.1,17.1,57.0,11.6,1.64,13.3,3.18,1039.9,autumn,wetland,28.07
49.48,15.0,53.7,32.5,4.39,45.2,2.45,999.0,autumn,urban,29.68
21.68,22.4,53.0,7.7,4.09,27.1,0.05,1007.5,winter,urban,17.46
15.51,21.1,36.3,41.3,6.49,83.3,5.35,1031.1,summer,forest,20.95
88.15,34.7,31.8,56.6,7.31,88.1,1.17,998.3,winter,agricultural,43.26
25.59,35.0,44.1,25.6,5.98,34.0,2.87,1007.0,summer,agricultural,21.01
138.77,15.7,83.0,54.1,5.2,24.0,6.41,1019.9,spring,agricultural,58.0
87.16,-1.2,99.4,5.9,3.71,27.6,7.25,987.8,spring,forest,41.59
52.03,24.1,95.0,2.6,4.33,48.2,2.63,1005.3,spring,wetland,30.28
88.64,34.1,65.3,43.3,4.32,80.0,3.29,998.6,summer,wetland,39.6
3.42,7.7,67.2,45.7,0.65,50.0,2.47,1020.6,summer,agricultural,11.63
143.78,13.4,52.0,50.6,4.27,14.4,9.57,988.2,winter,wetland,54.41
72.35,12.0,84.2,3.4,6.92,13.2,1.91,994.0,spring,forest,30.26
117.41,-2.9,83.5,46.6,5.82,28.2,1.83,1022.7,summer,urban,47.48
12.41,21.9,89.1,22.6,6.47,77.4,4.45,989.4,winter,wetland,17.01
73.0,9.1,92.7,18.2,3.43,59.7,1.89,1005.3,spring,agricultural,41.24
73.61,26.5,60.4,10.4,4.47,55.0,1.57,1022.8,summer,forest,30.21
140.67,28.3,83.7,59.8,0.75,35.5,0.96,1025.9,spring,forest,48.95
85.76,27.8,86.4,3.8,3.37,84.4,6.4,985.7,autumn,wetland,43.33
71.02,11.7,51.6,49.6,4.06,36.5,6.12,1031.1,winter,wetland,40.35
40.05,7.9,95.0,38.4,2.41,76.8,6.5,1023.4,spring,wetland,31.65
49.74,25.0,36.6,44.1,0.73,81.7,7.73,1000.4,summer,forest,20.77
78.1,27.1,99.6,42.7,5.68,48.7,3.26,1025.8,summer,agricultural,44.92
65.84,14.7,83.9,51.5,3.76,81.5,9.18,1023.7,winter,agricultural,43.54
3.24,30.7,36.5,11.0,3.62,32.1,7.33,1016.1,winter,wetland,2.39
123.94,0.8,75.9,0.0,2.37,62.7,8.05,1013.5,spring,urban,41.67
134.42,30.2,32.4,35.9,4.53,17.0,7.21,1024.1,summer,forest,51.79
21.04,-1.2,83.9,21.2,3.79,47.9,3.58,1040.0,winter,forest,22.59
83.11,1.1,85.9,7.4,4.05,27.4,2.83,1014.7,spring,urban,44.11
16.29,16.4,72.2,11.2,4.86,15.0,4.23,1028.5,winter,forest,7.05
100.84,-2.3,90.0,19.9,0.55,10.3,0.97,1024.7,spring,agricultural,45.59
42.19,-2.9,36.9,4.2,7.31,36.0,4.51,1031.3,autumn,agricultural,14.56
98.91,-5.0,49.3,3.4,1.03,57.2,0.43,1037.3,winter,forest,42.09
109.05,12.5,59.0,55.0,3.88,46.4,0.04,991.6,autumn,urban,45.05
115.3,26.0,33.0,18.7,2.06,34.1,9.31,989.9,winter,urban,52.04
16.16,-3.6,61.4,58.9,4.43,89.3,6.89,1015.2,autumn,agricultural,27.56
137.4,21.1,48.6,57.9,2.6,85.2,5.62,1007.0,spring,forest,66.28
34.53,27.9,57.5,8.6,6.95,20.1,3.41,1014.2,autumn,urban,13.56
5.61,1.7,59.8,42.9,3.47,43.2,5.71,1027.9,autumn,agricultural,14.39
83.23,0.9,91.6,36.0,5.29,61.9,8.92,1035.9,summer,agricultural,44.03
55.64,29.4,48.9,41.4,2.37,68.7,6.52,1005.0,spring,forest,22.16
124.47,27.9,92.6,5.8,0.65,39.3,6.02,1023.1,autumn,agricultural,39.23
121.24,16.6,59.8,11.3,3.53,69.7,4.6,991.8,autumn,urban,60.45
47.57,27.8,52.9,4.6,4.52,19.9,3.46,1012.1,winter,forest,22.09
142.93,-1.3,65.2,36.2,3.95,36.5,6.99,981.3,spring,wetland,51.17
43.64,10.8,59.2,59.2,7.72,67.3,9.81,1010.2,autumn,forest,28.83
77.26,24.5,48.0,40.3,5.8,60.1,4.25,1012.7,winter,agricultural,41.49
38.39,5.3,65.2,42.6,7.97,77.0,3.92,1024.1,winter,agricultural,29.9
140.41,25.1,40.6,59.1,2.71,13.7,4.28,1019.0,winter,urban,44.22
24.69,15.2,54.6,40.7,6.42,24.0,4.26,1001.5,spring,urban,25.77
6.74,25.0,69.6,2.4,4.67,13.9,9.91,980.3,spring,agricultural,12.65
65.26,13.6,58.9,52.0,5.09,25.4,7.07,986.9,autumn,forest,27.65
148.86,9.7,87.7,21.9,7.89,10.3,3.59,1038.4,summer,agricultural,57.87
133.75,3.8,48.0,0.3,5.4,50.3,3.72,1035.3,spring,wetland,60.29
112.29,3.3,97.9,30.4,7.24,52.3,4.31,999.5,spring,forest,46.46
133.62,25.1,84.9,56.2,5.94,62.6,0.37,995.5,spring,urban,61.39
134.02,-0.2,97.7,15.4,1.46,40.8,5.28,1006.2,summer,forest,46.96
77.83,-1.6,88.7,29.5,5.75,10.3,8.11,1021.4,autumn,forest,32.03
47.39,2.1,39.9,10.4,4.13,63.9,6.61,1001.4,spring,urban,23.1
115.8,2.0,66.9,3.5,7.39,14.3,1.98,984.0,spring,agricultural,42.84
99.25,27.9,41.9,4.8,6.55,79.3,7.28,1004.2,summer,wetland,59.64
56.05,10.9,87.3,43.6,1.28,11.8,7.19,995.6,winter,agricultural,21.48
14.17,34.6,70.9,51.8,1.5,52.4,2.63,999.5,winter,agricultural,13.9
112.02,0.5,48.4,8.6,1.02,81.6,6.23,989.8,summer,urban,41.72
39.37,21.1,95.1,17.3,4.2,55.8,6.11,1019.5,spring,urban,21.87
140.52,12.9,38.1,11.7,1.11,58.7,8.4,1011.6,spring,agricultural,60.52
36.15,10.7,69.5,1.6,5.93,64.5,1.36,996.3,winter,wetland,27.94
18.41,30.0,80.5,33.2,4.64,19.8,1.95,1013.2,summer,wetland,1.6
124.67,34.0,34.1,42.0,6.77,64.0,4.86,1009.6,spring,forest,58.6
22.99,29.9,71.8,38.9,2.6,80.4,0.44,1027.8,winter,wetland,23.22
26.89,2.7,87.1,23.3,4.39,87.9,4.16,1037.4,autumn,forest,31.86
89.91,3.8,34.7,33.3,1.38,45.4,7.88,987.8,summer,forest,35.05
131.18,21.2,65.9,5.6,7.13,37.6,1.49,1033.0,summer,agricultural,45.86
29.47,6.6,48.1,9.3,1.81,70.3,4.6,1022.3,spring,urban,16.9
46.55,24.4,76.4,55.9,1.27,53.4,9.9,1021.6,winter,agricultural,18.22
116.61,17.7,38.3,45.7,2.04,30.6,5.06,1002.5,winter,wetland,49.55
145.77,17.0,95.6,55.4,6.55,23.8,4.98,1000.6,spring,forest,44.88
75.11,28.1,92.6,55.0,1.29,23.6,5.59,980.3,autumn,wetland,27.25
21.58,23.4,43.0,39.0,5.11,46.7,1.86,1038.9,spring,urban,24.91
2.09,-3.9,52.6,55.7,6.1,23.6,1.47,1016.4,summer,urban,8.0
34.45,-3.0,71.1,25.0,6.13,11.6,6.77,1004.1,autumn,agricultural,22.34
19.77,19.1,80.3,0.2,1.93,14.2,3.96,1012.6,spring,agricultural,2.17
101.65,14.4,61.0,3.8,0.96,84.4,2.9,982.4,autumn,wetland,40.78
18.27,5.4,40.9,6.6,3.87,15.8,0.31,990.4,spring,agricultural,18.9
75.95,11.7,37.3,5.7,2.02,15.9,8.46,1017.4,autumn,forest,30.54
104.14,25.3,100.0,21.1,5.74,46.1,0.32,1010.9,summer,forest,48.04
87.17,28.1,61.9,42.1,3.18,29.6,7.5,1027.2,spring,agricultural,30.68
29.97,17.4,91.1,47.4,3.87,87.0,3.82,1019.5,winter,wetland,26.0
120.62,10.4,63.8,35.4,1.35,82.9,5.99,1016.1,summer,urban,48.99
107.31,5.8,94.6,8.8,4.76,42.4,2.48,1028.9,winter,urban,53.36
110.85,15.9,36.1,44.9,1.89,45.9,1.55,984.1,winter,forest,59.86
19.66,7.6,38.0,21.3,5.59,40.0,5.33,1021.5,spring,forest,19.08
18.56,17.6,95.1,0.8,1.03,13.0,6.96,1022.9,autumn,agricultural,5.74
139.13,22.1,96.3,16.8,7.82,33.4,1.95,996.5,summer,wetland,46.86
59.64,-2.4,52.0,19.8,5.63,19.8,4.36,991.7,autumn,urban,19.31
45.14,-5.0,54.9,16.5,1.86,18.2,4.45,992.8,autumn,agricultural,27.24
73.29,3.5,61.7,48.7,0.61,54.9,2.16,991.9,summer,urban,28.14
99.43,30.8,59.1,45.6,3.01,17.9,5.65,1011.4,autumn,urban,36.84
143.34,20.9,43.3,41.7,1.65,18.2,1.46,988.1,summer,forest,56.59
42.97,1.9,92.9,8.3,2.14,48.4,5.1,1019.6,winter,forest,31.0
138.72,30.6,47.7,48.5,7.05,45.4,1.13,986.3,winter,forest,58.97
3.73,13.8,79.4,40.6,5.02,21.0,4.86,981.6,spring,wetland,5.4
83.28,14.0,34.7,11.7,1.82,10.4,3.12,999.2,autumn,urban,32.13
95.1,32.4,32.7,38.9,4.67,25.4,4.52,991.5,winter,forest,36.7
15.88,-2.6,75.8,29.0,2.42,28.9,4.34,1039.3,spring,urban,8.16
21.05,3.6,53.7,26.4,7.82,74.0,9.08,998.2,autumn,wetland,25.81
62.87,18.4,75.9,6.7,0.75,83.2,4.9,993.3,winter,forest,35.63
144.93,2.8,36.6,31.1,5.99,42.5,8.18,991.8,spring,wetland,71.52
89.41,22.2,96.5,6.0,6.3,42.4,2.26,1002.4,autumn,forest,44.65
139.95,3.6,82.4,9.9,1.0,67.0,3.52,1016.4,winter,agricultural,65.22
120.65,-1.0,91.3,8.0,1.79,60.2,0.75,1026.9,summer,forest,47.13
70.11,3.3,39.6,57.2,3.38,24.7,4.21,1001.9,spring,wetland,32.22
117.71,11.9,52.4,17.1,7.01,18.6,6.69,1017.6,summer,urban,45.31
2.68,2.0,55.8,21.3,4.53,45.0,8.38,1008.9,summer,wetland,12.44
16.37,0.4,67.6,19.3,5.41,55.2,5.66,1030.8,autumn,forest,21.11
124.41,29.4,50.8,53.9,6.37,21.1,6.4,1014.1,summer,urban,50.66
119.52,7.8,34.2,33.8,6.71,33.5,1.77,997.4,summer,wetland,63.49
34.9,9.4,55.8,55.1,4.07,34.5,0.37,1022.2,winter,urban,26.66
79.62,-2.8,47.8,18.0,4.32,30.9,7.92,1029.2,autumn,forest,41.08
90.9,9.3,57.0,6.9,5.89,46.9,1.67,1007.9,winter,urban,47.15
130.16,5.6,43.8,33.4,2.48,62.2,0.91,1039.2,autumn,urban,64.98
90.47,19.4,48.3,20.7,6.91,50.8,9.38,1032.7,winter,forest,36.73
61.89,3.2,73.9,48.1,0.66,26.1,9.64,991.8,spring,forest,31.51
56.13,30.5,57.2,52.8,1.97,18.2,6.16,1027.2,winter,forest,17.63
63.88,32.2,54.2,28.4,6.5,75.7,3.79,1016.1,winter,agricultural,35.34
97.79,-1.0,67.4,58.3,3.05,48.3,8.33,1012.1,spring,wetland,45.14
130.12,-0.7,84.0,33.2,1.62,15.0,2.05,1010.8,summer,urban,54.49
68.08,-0.4,56.5,16.3,1.9,30.6,4.29,1031.2,summer,wetland,23.64
37.18,19.8,71.1,29.3,4.48,74.3,3.57,1016.7,summer,agricultural,24.42
35.5,-0.1,97.6,2.2,6.85,70.1,9.13,1012.3,winter,forest,28.41
111.9,29.1,66.5,48.2,1.03,80.1,9.2,982.9,autumn,wetland,49.64
122.49,25.2,93.7,6.1,0.73,58.2,6.51,1006.9,spring,agricultural,56.0
15.79,27.8,85.6,18.5,3.99,43.8,1.11,1034.5,autumn,agricultural,32.05
9.98,16.0,34.1,33.9,7.67,44.1,4.82,1022.7,winter,wetland,17.43
89.17,34.9,60.0,2.6,2.59,25.5,2.45,983.1,summer,wetland,33.26
21.93,-3.2,78.9,4.8,7.69,62.1,8.85,1033.0,winter,urban,16.12
123.7,11.1,99.1,41.8,7.16,56.8,1.38,1029.6,autumn,forest,55.01
46.55,8.0,62.1,4.3,2.62,22.4,0.54,1012.8,winter,agricultural,16.94
21.58,32.9,36.5,28.6,6.63,80.9,7.04,981.3,winter,forest,26.4
138.15,18.1,69.3,20.3,5.64,39.5,4.53,1013.7,spring,agricultural,60.41
24.83,27.2,38.9,13.7,4.34,14.0,8.38,983.3,winter,urban,11.25
42.71,1.8,82.6,11.3,3.67,36.2,0.75,999.2,spring,wetland,32.98
23.04,34.1,65.5,45.8,6.62,79.6,8.01,1017.7,winter,forest,20.3
17.32,14.9,80.6,57.1,6.45,83.4,0.37,1034.8,winter,agricultural,21.97
3.17,14.7,90.9,8.4,6.18,49.2,0.28,1001.5,summer,urban,16.45
8.31,33.8,74.0,57.6,7.99,86.5,4.61,1031.6,spring,urban,25.35
26.2,10.2,72.9,35.7,4.09,80.0,2.21,1035.1,summer,agricultural,30.01
8.01,10.9,82.8,38.5,6.55,76.0,5.94,981.3,summer,forest,20.52
88.67,18.4,89.0,42.6,6.97,78.8,0.26,994.4,autumn,agricultural,52.82
102.11,0.1,90.8,42.2,2.09,40.6,0.35,1022.6,spring,forest,39.3
59.04,7.8,32.6,49.2,0.82,70.5,7.27,1025.4,spring,agricultural,35.14
47.7,2.7,68.9,29.0,3.54,56.2,2.1,1003.5,summer,urban,31.79
75.68,-0.9,45.1,32.0,6.93,67.6,6.56,1019.4,winter,forest,48.76
131.25,29.6,90.2,19.4,2.67,24.2,7.5,1016.7,summer,urban,42.6
127.67,18.6,75.4,6.3,5.75,68.5,0.59,1024.4,summer,urban,54.87
6.52,9.3,59.4,39.9,0.56,86.6,7.7,1023.1,spring,urban,18.65
27.22,11.3,43.2,2.0,3.17,34.2,2.68,985.2,summer,agricultural,3.76
35.51,12.3,53.7,16.5,5.12,88.9,3.9,989.5,summer,forest,31.79
37.41,20.3,79.3,5.7,1.47,40.3,0.87,988.0,summer,wetland,25.45
85.68,32.1,44.3,11.4,7.22,26.0,8.39,1035.9,summer,urban,36.14
62.44,32.3,36.6,38.3,1.67,19.0,5.61,1034.8,summer,urban,22.84
7.39,10.7,92.2,37.7,7.32,72.8,5.05,1027.8,autumn,urban,12.99
56.04,8.2,83.5,25.3,2.12,54.4,9.69,987.0,summer,agricultural,25.87
78.56,13.0,44.0,5.4,7.96,34.6,3.35,1014.5,winter,urban,36.31
15.25,17.7,50.5,26.0,5.04,58.7,8.91,991.2,autumn,agricultural,13.79
125.02,13.5,98.0,21.2,1.13,36.6,7.2,1002.1,autumn,wetland,45.68
7.79,21.4,79.6,43.2,0.99,45.9,9.29,996.0,autumn,agricultural,7.72
138.73,17.2,72.7,34.7,1.06,79.0,9.08,1029.7,winter,forest,58.69
14.87,7.8,51.5,29.5,4.92,63.5,9.91,988.7,summer,forest,26.95
126.54,8.8,50.9,29.2,6.57,71.0,1.32,1018.8,winter,urban,57.57
135.4,10.1,32.8,58.0,3.52,56.7,7.96,1039.0,spring,urban,58.87
146.94,-1.2,81.0,45.4,3.84,89.3,8.04,1021.2,spring,agricultural,63.7
120.3,1.6,33.0,29.8,4.92,29.3,6.44,984.8,winter,agricultural,46.57
116.92,23.9,30.3,28.8,4.5,31.0,2.79,1034.5,winter,urban,39.93
96.37,10.6,81.1,1.6,5.66,17.4,9.65,1018.6,spring,forest,32.5
116.85,3.6,96.4,56.6,4.04,54.3,2.04,1007.4,autumn,agricultural,45.01
20.18,17.5,83.0,19.2,5.85,59.1,5.0,1019.6,autumn,agricultural,20.89
80.41,25.2,63.0,15.4,7.98,68.1,5.21,1032.7,spring,forest,49.55
77.13,5.3,64.0,60.0,3.13,36.8,1.62,1008.6,autumn,wetland,24.81
128.64,28.1,60.5,43.1,0.59,11.0,7.23,1011.9,autumn,wetland,43.17
69.42,32.1,52.7,2.8,1.44,60.6,0.89,1007.1,autumn,wetland,27.6
57.76,18.9,66.5,3.7,4.65,89.9,6.93,984.4,autumn,agricultural,35.68
95.93,21.8,60.2,1.5,3.08,33.6,8.49,1027.2,winter,urban,46.0
39.97,-2.9,71.9,36.0,7.55,24.7,3.49,987.6,spring,urban,20.61
20.97,32.8,92.9,4.3,5.21,32.5,7.09,1003.7,autumn,agricultural,15.71
71.68,10.7,99.7,56.0,4.4,44.0,1.57,1003.2,summer,agricultural,41.29
62.53,32.0,35.5,56.2,6.49,30.1,8.46,996.8,winter,urban,32.33
34.89,18.2,56.9,32.8,2.44,37.8,9.52,1004.2,summer,urban,14.89
55.13,-4.8,42.6,37.0,6.65,61.1,1.53,1017.1,winter,urban,33.75
54.96,-3.5,54.6,17.5,0.52,37.6,6.92,998.7,autumn,forest,20.46
49.12,22.2,50.1,3.8,5.15,41.7,5.06,990.4,spring,agricultural,29.34
56.92,17.5,42.2,44.2,7.51,13.2,5.31,1032.2,winter,urban,29.34
102.86,-3.9,83.5,6.1,6.41,83.4,7.06,1038.2,spring,forest,46.33
44.53,24.7,64.7,5.1,6.9,42.6,4.89,1007.5,summer,wetland,28.02
142.33,29.1,94.3,18.7,3.48,36.3,6.0,999.6,summer,agricultural,56.77
137.45,14.9,32.3,0.7,6.68,16.9,2.31,982.8,autumn,agricultural,58.58
72.14,13.6,34.7,26.0,4.63,60.7,3.79,982.2,summer,agricultural,41.51
49.25,-4.8,58.2,42.5,5.14,79.1,8.65,1003.6,autumn,agricultural,34.32
80.32,26.5,35.6,48.1,0.94,13.3,1.1,1035.8,autumn,agricultural,28.33
127.28,8.2,48.4,36.3,2.01,21.6,5.98,1023.8,spring,wetland,53.04
97.89,30.2,99.0,50.8,4.63,21.7,1.84,1001.0,spring,wetland,35.75
120.66,9.9,44.6,24.4,0.94,58.2,8.47,1038.1,summer,agricultural,44.2
79.91,17.6,43.9,50.9,6.06,83.7,5.79,1005.7,spring,wetland,28.09
94.94,5.8,70.2,30.4,6.8,45.0,4.03,996.6,winter,wetland,44.26
43.22,1.4,64.9,13.4,7.4,37.5,2.5,1005.6,summer,urban,22.18
110.23,26.0,70.6,56.6,1.26,71.3,4.37,992.7,summer,agricultural,50.92
30.36,14.9,56.4,16.5,7.55,69.4,9.58,1033.1,autumn,forest,16.41
104.22,16.5,87.9,1.6,1.01,29.7,5.09,1001.7,winter,agricultural,38.22
129.11,33.6,39.7,14.6,4.06,22.9,4.69,1019.5,autumn,agricultural,53.69
19.82,33.5,60.0,22.0,6.8,38.6,7.46,1003.3,autumn,agricultural,12.21
92.16,29.2,78.3,21.1,1.03,72.0,3.79,1034.1,winter,forest,45.32
14.26,2.5,90.8,31.5,0.64,65.6,4.27,1018.5,winter,agricultural,11.71
108.86,18.8,55.9,53.0,0.69,63.3,3.37,1009.3,spring,forest,46.75
12.67,30.1,69.7,17.5,4.33,76.4,1.51,987.9,spring,urban,21.91
140.39,10.0,34.8,31.2,6.59,32.2,7.14,1034.1,summer,wetland,63.01
20.61,-1.0,41.9,20.4,1.46,37.2,8.73,1012.8,winter,urban,13.57
143.83,27.4,34.8,49.3,1.43,13.4,9.06,997.1,winter,urban,47.99
120.13,14.3,81.0,9.5,4.76,79.5,8.81,1032.7,autumn,urban,54.86
89.05,17.6,50.2,6.2,2.26,56.6,4.52,983.3,autumn,agricultural,44.3
117.39,34.3,80.7,30.2,5.98,33.8,2.84,998.8,spring,forest,45.09
119.27,19.3,34.6,40.3,7.62,15.6,6.38,1012.2,autumn,wetland,48.16
141.9,12.0,90.4,47.7,6.25,67.9,9.55,1000.4,spring,agricultural,61.48
38.01,9.8,88.5,35.4,7.08,69.9,7.27,1008.6,autumn,urban,27.86
88.51,11.7,36.2,46.4,4.4,63.3,4.95,995.9,spring,agricultural,37.77
14.26,-0.3,31.7,23.6,6.74,26.3,6.89,987.8,spring,urban,4.25
92.42,26.8,33.9,2.0,1.87,83.1,7.73,982.2,winter,agricultural,48.48
25.69,28.5,89.8,7.0,1.01,70.3,9.19,989.5,winter,forest,24.56
84.74,6.4,46.4,2.3,5.42,62.6,7.63,1037.2,autumn,urban,34.0
85.86,7.2,68.4,19.7,0.89,62.1,4.33,1014.5,autumn,wetland,41.31
69.9,30.0,59.8,29.7,7.19,82.3,2.74,1009.3,spring,urban,47.26
78.39,-4.0,85.7,21.4,5.69,84.3,5.0,1003.1,autumn,forest,46.93
114.59,15.8,64.2,33.6,7.64,57.7,3.28,1022.5,autumn,wetland,51.95
119.89,13.5,65.0,28.8,2.85,43.3,9.43,988.5,autumn,wetland,44.98
73.82,22.6,99.2,40.7,4.15,39.1,5.08,996.6,summer,forest,34.36
89.94,1.5,40.5,40.0,6.06,75.5,4.72,1019.4,summer,forest,47.86
139.69,21.7,88.1,19.1,2.32,61.6,3.48,1008.7,winter,urban,59.91
17.96,10.1,33.6,20.8,4.56,16.2,6.39,1026.2,summer,urban,10.73
17.57,19.7,63.4,35.1,5.45,21.4,5.2,1033.8,winter,agricultural,7.34
13.16,-3.4,92.0,35.8,7.84,82.0,1.29,1029.4,winter,forest,24.51
98.68,13.5,76.6,18.9,6.09,80.8,8.69,991.1,winter,forest,53.06
62.79,15.9,78.0,19.8,1.39,86.1,3.59,985.5,autumn,wetland,36.44
116.15,3.6,48.4,41.6,4.07,44.2,4.33,990.2,spring,agricultural,50.04
100.68,0.6,59.3,38.8,4.92,72.7,2.06,1027.0,spring,wetland,57.6
50.05,2.5,55.7,8.1,1.6,76.3,5.53,1034.8,autumn,agricultural,26.67
134.75,8.8,66.5,26.5,3.74,35.3,7.02,1035.5,summer,urban,60.97
114.38,-1.1,62.4,53.6,2.63,21.6,8.81,997.9,spring,forest,40.2
40.58,32.9,52.9,2.2,1.39,89.8,0.52,1030.4,winter,urban,34.26
54.63,11.2,51.4,51.3,4.34,12.4,9.73,1012.2,winter,agricultural,29.11
47.17,27.4,47.6,9.8,1.74,57.8,7.04,1029.4,summer,wetland,24.56
23.64,34.0,55.6,30.4,4.93,62.0,2.84,1012.9,autumn,wetland,29.07
22.17,-1.8,40.5,25.5,1.77,64.5,2.04,988.8,summer,agricultural,20.59
140.42,21.1,91.0,0.6,5.93,30.5,2.96,984.8,summer,urban,53.91
65.69,29.9,72.1,54.9,1.96,67.7,8.76,1037.4,autumn,urban,31.31
57.5,20.4,39.4,27.3,7.22,27.3,2.91,1005.5,summer,urban,34.97
109.45,12.2,78.6,57.3,0.7,76.3,4.63,1001.0,winter,wetland,53.55
82.95,12.2,89.3,17.2,4.41,27.5,7.06,1001.4,spring,wetland,30.71
140.42,-3.6,46.6,52.0,2.9,65.7,8.72,1002.7,autumn,forest,59.16
117.05,16.4,40.5,55.3,2.19,72.7,6.59,1036.7,winter,forest,53.2
71.91,34.7,30.6,33.4,4.04,25.1,7.53,983.8,winter,agricultural,28.58
56.45,33.3,33.3,12.2,6.82,29.0,1.73,987.1,spring,urban,41.03
147.99,-3.4,83.4,41.1,7.36,72.3,8.77,1027.4,spring,urban,68.45
107.66,23.2,99.1,32.9,2.77,16.9,2.76,1013.0,autumn,forest,41.33
142.68,7.1,33.1,56.7,1.66,25.3,1.28,987.7,winter,urban,59.81
17.77,31.1,82.4,26.4,5.9,46.4,9.76,982.1,winter,urban,15.07
127.58,-3.2,35.0,16.1,4.86,84.4,2.02,993.5,winter,wetland,65.82
95.56,32.4,71.4,8.3,2.01,55.0,1.37,995.6,spring,forest,34.72
18.29,28.5,82.9,41.9,6.2,41.0,6.26,980.9,autumn,agricultural,14.1
88.24,-0.3,55.1,58.4,4.39,88.3,3.19,993.0,autumn,urban,51.55
102.91,-2.6,30.8,1.7,5.4,47.1,1.33,1024.3,autumn,urban,55.16
1.85,28.4,71.7,44.4,3.2,44.7,6.01,1031.3,winter,agricultural,4.85
68.15,1.2,99.4,55.6,3.79,42.9,7.59,1033.9,spring,agricultural,27.39
123.81,16.4,48.0,4.5,1.85,35.0,7.93,1003.4,summer,forest,52.41
44.3,31.6,43.3,6.6,6.17,36.1,1.56,999.2,summer,urban,22.53
68.78,17.7,38.7,41.5,1.68,65.0,5.57,1040.0,winter,urban,32.72
66.35,10.9,68.9,38.9,6.34,13.3,8.14,1026.2,spring,urban,33.48
45.29,12.8,71.8,4.1,6.49,64.5,1.61,1012.2,summer,agricultural,27.84
137.77,-2.5,85.5,50.1,6.1,26.1,2.08,995.3,spring,agricultural,46.08
117.19,33.8,82.7,31.4,0.65,40.7,0.02,999.3,spring,urban,40.51
16.59,7.4,92.5,54.4,2.55,21.7,5.25,1010.9,winter,forest,9.8
149.56,2.6,86.4,52.7,4.01,54.2,1.95,1012.5,winter,agricultural,53.22
131.88,6.4,47.3,48.8,4.97,68.3,7.24,980.8,summer,urban,57.56
42.59,33.6,68.9,31.0,7.39,38.4,9.62,1037.6,autumn,forest,18.52
125.53,-1.2,50.8,15.1,3.32,23.1,2.09,1014.5,autumn,agricultural,57.84
15.96,29.7,53.1,30.4,7.06,28.1,6.49,1015.3,winter,agricultural,25.35
149.87,23.3,95.2,6.0,1.73,75.4,2.12,992.7,summer,agricultural,59.63
99.85,28.2,77.7,39.5,3.28,31.4,0.18,1025.9,winter,urban,42.77
97.52,34.0,98.2,8.0,0.89,72.0,7.59,1024.2,summer,agricultural,40.3
13.57,28.7,59.2,30.7,6.07,36.5,4.34,985.7,autumn,forest,12.7
134.56,32.7,67.6,3.3,1.63,25.1,9.47,1015.7,summer,urban,60.64
4.35,0.1,64.1,18.0,2.43,68.2,5.34,1019.5,autumn,forest,10.73
36.12,26.8,37.5,13.9,6.31,47.5,1.57,1030.1,summer,urban,23.03
21.45,16.8,46.6,37.2,4.51,12.5,4.5,992.4,winter,forest,7.31
116.52,16.7,66.9,47.2,0.6,86.8,2.03,1032.7,autumn,urban,58.97
29.73,31.0,34.7,3.4,0.52,21.8,8.78,1007.7,summer,urban,0.0
136.6,33.9,95.2,51.0,4.33,38.3,6.91,985.8,winter,agricultural,53.43
98.44,23.2,38.7,51.6,2.79,40.8,3.41,986.3,autumn,forest,41.37
5.42,14.3,43.9,20.5,1.85,49.2,5.28,991.9,summer,forest,6.77
0.81,13.3,83.6,39.5,5.1,72.8,6.69,997.0,spring,agricultural,18.48
7.75,10.5,36.8,24.2,2.21,10.5,7.83,1009.8,winter,urban,11.19
90.89,9.5,93.0,9.3,4.94,84.6,0.8,1024.9,winter,agricultural,41.17
120.22,10.7,80.8,31.7,3.34,61.7,0.23,991.2,autumn,wetland,63.83
35.78,-1.4,34.8,5.2,1.9,86.1,1.14,1039.6,winter,urban,19.68
127.41,-1.9,78.4,52.7,1.54,75.4,3.95,989.7,autumn,forest,62.32
8.58,26.2,74.2,55.5,2.28,84.2,4.67,1016.0,spring,agricultural,16.87
120.14,12.8,83.0,49.3,0.72,58.1,1.36,1035.7,spring,urban,47.77
139.17,32.2,88.0,33.8,2.81,38.6,4.11,1030.0,spring,forest,53.82
115.82,19.5,80.3,33.5,7.26,45.4,4.42,1018.9,spring,urban,52.1
104.72,-3.6,71.0,59.1,6.74,62.6,1.09,1022.9,autumn,agricultural,51.24
125.7,1.3,52.6,14.9,3.29,44.2,9.17,988.1,winter,urban,47.89
6.02,3.2,78.8,4.6,4.82,68.5,5.99,980.6,spring,forest,14.68
30.27,34.0,97.0,33.7,4.76,17.3,3.89,1006.0,autumn,urban,12.28
18.74,3.7,71.1,19.7,6.72,76.4,5.07,985.4,spring,urban,16.67
75.68,15.6,76.5,19.3,2.27,26.3,3.14,1001.5,summer,forest,27.63
111.78,32.4,60.6,0.4,2.72,85.5,8.54,993.4,winter,wetland,47.94
94.5,34.1,82.9,35.8,2.76,22.4,5.75,1035.0,winter,urban,35.55
127.67,4.5,99.8,15.8,0.81,20.3,4.95,1032.8,winter,agricultural,49.98
23.28,-3.0,41.2,11.3,2.86,75.0,9.11,1029.1,summer,wetland,21.6
110.19,1.1,44.2,2.4,7.08,75.5,8.38,1022.8,winter,agricultural,64.96
28.96,-2.5,67.8,21.9,7.34,69.1,8.13,989.2,winter,agricultural,14.48
40.61,2.8,63.7,52.7,1.32,86.8,2.26,982.9,summer,wetland,29.48
106.49,17.7,70.0,20.2,3.94,31.6,1.53,1019.2,summer,forest,44.72
147.03,31.5,33.4,40.7,3.36,76.1,6.9,1018.5,spring,agricultural,68.49
91.73,16.5,58.3,45.4,4.17,38.2,4.69,1002.2,winter,wetland,43.61
8.18,20.0,70.8,19.7,4.66,53.0,6.84,1008.4,spring,forest,12.98
92.45,3.1,71.0,49.3,0.65,45.6,7.61,1009.3,summer,forest,39.22
6.35,27.0,76.0,41.5,6.82,10.5,2.95,994.4,summer,agricultural,4.55
132.62,19.7,80.4,33.6,7.8,56.0,2.85,998.8,spring,wetland,63.31
106.44,29.6,74.9,0.1,5.4,69.8,4.91,1005.1,winter,wetland,42.4
25.97,33.0,85.3,2.1,5.45,24.0,2.74,1016.2,autumn,wetland,20.75
13.76,8.9,73.7,59.5,4.46,84.5,6.67,1037.3,spring,forest,19.42
27.53,-1.4,67.6,46.9,3.01,52.4,7.47,1012.3,spring,agricultural,16.16
147.0,4.0,72.4,56.3,1.62,24.3,4.72,1023.9,spring,urban,53.86
68.78,12.5,37.1,54.1,4.88,61.7,7.24,1028.4,winter,urban,34.99
117.61,32.8,49.1,1.2,0.84,25.4,5.1,986.8,summer,wetland,51.84
95.46,10.1,66.9,47.5,6.68,15.1,7.13,1019.2,autumn,agricultural,55.88
85.86,25.8,91.1,27.1,3.66,64.8,2.25,1008.9,spring,urban,48.15
21.77,16.6,77.5,47.4,3.61,18.9,7.39,1014.3,spring,urban,9.19
141.9,2.3,36.3,0.4,2.95,18.5,7.15,982.3,autumn,urban,57.59
45.2,7.8,71.5,17.3,7.77,69.2,2.67,1034.4,spring,forest,35.3
86.7,21.1,45.5,45.1,1.81,14.4,5.56,1037.2,autumn,forest,28.15
104.97,21.9,81.4,47.6,1.63,74.8,8.55,980.2,winter,agricultural,41.58
97.38,12.4,87.9,37.2,1.74,73.7,2.5,992.8,summer,forest,45.35
141.09,4.1,71.5,18.1,5.44,21.3,7.36,990.8,autumn,agricultural,60.24
22.27,23.9,71.4,18.6,7.94,51.5,9.54,1026.9,winter,wetland,12.96
76.25,1.8,53.7,58.0,2.27,17.7,8.66,1015.9,winter,wetland,25.96
60.61,32.5,61.2,26.4,7.29,60.6,4.02,990.6,spring,urban,38.27
71.13,2.5,90.5,26.8,2.59,15.0,6.07,1028.8,spring,agricultural,28.59
17.88,-0.7,80.6,33.1,5.36,85.6,9.92,1001.2,winter,wetland,29.3
20.11,14.9,66.4,24.6,0.8,26.6,5.68,1007.7,winter,forest,3.84
41.71,15.8,55.8,33.2,4.22,64.6,1.15,1003.2,summer,wetland,38.71
45.71,15.3,33.5,25.9,5.41,20.3,0.45,1011.3,autumn,agricultural,15.13
64.19,12.5,40.0,49.6,4.52,26.8,7.9,1008.8,autumn,urban,18.56
91.65,34.8,43.5,54.5,2.28,46.1,4.24,996.5,autumn,wetland,39.22
95.19,14.5,56.1,55.9,6.71,55.8,2.47,1005.5,winter,wetland,40.15
61.77,14.1,96.1,33.9,7.78,89.9,3.48,1034.5,summer,forest,40.28
61.32,11.9,65.4,26.5,3.94,12.1,7.57,1010.2,winter,agricultural,25.15
32.64,-2.3,46.4,42.3,5.27,10.0,4.65,1035.0,spring,urban,15.09
88.25,18.7,37.4,50.3,6.43,38.0,8.68,1013.0,spring,forest,36.08
47.56,4.1,53.7,33.8,2.31,39.3,7.35,1026.1,winter,forest,25.51
5.41,20.5,87.1,42.0,6.98,80.7,9.74,997.6,spring,forest,16.67
62.76,-3.0,56.8,45.0,2.6,83.0,8.89,1027.4,winter,urban,40.67
71.12,34.3,84.1,40.6,6.32,80.4,2.55,995.9,summer,forest,40.17
33.84,13.8,86.2,44.8,1.34,21.5,6.59,981.2,summer,forest,10.09
85.87,30.9,37.8,12.5,2.66,43.0,0.21,989.6,spring,wetland,29.93
84.87,14.0,72.6,29.9,4.5,69.7,9.91,981.3,winter,forest,41.8
105.3,-2.6,97.1,35.3,4.44,35.0,2.61,1036.8,summer,forest,38.47
97.19,27.9,58.1,0.1,6.88,63.1,6.65,1040.0,spring,agricultural,41.89
97.86,20.9,33.6,51.4,7.97,29.0,8.49,1025.7,summer,forest,46.16
47.43,26.3,94.6,36.6,1.3,35.9,1.6,986.5,spring,forest,13.32
118.11,12.1,91.9,7.7,2.54,78.8,8.48,1033.9,winter,wetland,61.68
82.37,20.5,66.5,49.0,3.18,30.0,0.12,1024.6,spring,wetland,35.69
64.71,29.2,68.7,43.0,4.09,87.1,4.42,999.9,summer,urban,37.69
93.9,20.2,44.8,45.5,4.2,34.5,4.72,1010.1,summer,wetland,35.08
54.1,8.9,87.4,23.5,6.92,11.9,3.74,1019.7,spring,wetland,29.42
76.91,21.5,64.9,51.3,6.28,30.4,5.86,981.4,spring,forest,35.17
110.51,21.9,32.4,24.8,0.64,23.7,9.15,1010.1,autumn,forest,38.36
132.96,33.4,77.8,34.2,3.91,50.5,3.27,1023.9,summer,forest,57.4
138.16,9.8,96.5,0.0,5.14,19.0,5.79,991.3,spring,agricultural,46.61
75.54,12.0,88.0,38.7,3.95,60.1,8.77,1006.6,spring,agricultural,29.23
78.04,27.5,49.4,43.1,1.48,80.0,7.73,1012.0,winter,wetland,33.65
119.98,15.2,33.7,34.0,3.48,39.0,0.41,1024.1,autumn,wetland,51.68
47.17,24.5,95.8,29.8,3.59,23.5,9.43,1037.9,autumn,urban,21.82
125.61,13.4,95.6,48.6,1.91,42.0,0.47,1030.9,winter,wetland,56.04
74.12,3.6,67.3,40.9,6.17,72.9,5.89,1017.3,spring,agricultural,36.1
17.38,24.8,75.0,16.7,2.91,57.3,5.75,1015.0,autumn,urban,19.26
10.81,0.2,62.4,57.5,4.92,18.1,7.86,1016.2,winter,wetland,8.32
126.3,2.9,59.4,42.4,4.37,53.0,1.48,1012.7,spring,urban,50.01
8.34,20.1,38.4,59.3,7.08,47.4,1.79,983.6,autumn,urban,16.35
42.09,24.9,36.8,58.3,1.42,36.2,7.52,1021.9,winter,agricultural,19.42
50.12,30.8,46.3,55.1,1.36,18.8,1.5,1023.0,autumn,agricultural,17.13
25.95,5.9,88.6,45.3,2.75,88.5,4.69,1010.7,spring,urban,23.63
47.08,-0.6,40.2,36.6,3.73,24.1,7.32,1032.2,autumn,urban,21.33
111.4,33.2,45.9,10.3,2.74,25.4,6.51,1020.3,winter,agricultural,43.69
2.2,1.2,68.4,32.6,6.22,21.6,2.11,1001.8,spring,urban,6.18
124.08,2.9,45.1,45.9,2.34,55.6,3.04,981.2,autumn,urban,46.05
128.48,6.7,41.4,31.3,1.14,45.5,9.69,983.5,autumn,wetland,51.97
55.84,16.2,69.4,52.1,3.6,30.0,4.49,1001.1,summer,forest,21.64
23.04,30.3,55.8,6.6,6.3,44.4,0.44,1007.7,spring,urban,14.5
90.13,25.4,73.8,22.9,6.88,63.9,2.2,990.0,spring,urban,44.86
17.95,23.3,93.9,30.4,6.0,32.5,3.42,991.4,winter,wetland,18.86
54.74,2.0,40.6,25.9,4.68,83.2,9.99,993.8,winter,agricultural,35.3
143.76,9.3,93.9,6.5,5.93,34.5,3.03,1026.8,summer,urban,57.3
149.32,14.1,93.2,9.2,5.61,25.9,0.26,1026.3,winter,forest,57.57
115.82,0.9,88.0,50.3,2.26,86.4,5.13,1003.0,winter,wetland,57.21
46.64,5.9,74.2,29.1,4.63,74.8,0.84,990.3,autumn,agricultural,18.65
103.15,7.3,73.4,2.9,6.28,37.5,2.74,986.7,autumn,forest,50.54
105.81,0.1,74.7,1.0,2.88,77.3,9.92,985.2,winter,agricultural,41.05
58.18,17.0,78.3,28.4,5.4,51.5,7.05,1003.5,autumn,urban,24.41
96.13,23.2,31.2,9.9,4.11,37.7,0.51,982.7,winter,wetland,39.8
1.61,-2.2,97.1,42.3,4.27,77.2,4.49,1000.0,winter,wetland,25.34
31.36,14.2,71.0,47.7,1.18,70.2,1.72,1037.7,spring,wetland,29.79
78.76,26.3,84.7,13.7,5.5,33.8,1.23,1010.5,autumn,urban,40.24
24.56,24.9,56.4,35.5,6.99,58.5,5.87,1029.4,autumn,forest,23.75
24.89,27.6,30.9,9.3,1.56,39.6,5.06,987.8,winter,forest,6.14
125.45,12.9,65.7,18.2,3.25,10.1,7.43,996.1,summer,urban,48.06
148.37,27.8,65.5,53.3,0.87,86.9,8.92,1036.8,winter,wetland,61.4
83.4,4.6,60.6,32.6,0.72,54.0,2.47,1003.0,summer,urban,33.0
125.86,9.4,53.8,53.2,7.92,57.9,9.23,1018.9,summer,agricultural,58.32
148.55,2.1,47.5,13.5,4.2,58.0,5.18,1038.6,spring,wetland,61.17
21.24,13.7,66.9,19.8,3.17,54.1,2.59,1013.0,summer,forest,21.9
67.24,10.7,56.3,28.3,2.56,33.2,8.46,998.3,winter,forest,19.89
58.89,4.6,97.9,28.8,7.85,87.7,0.36,1011.9,autumn,agricultural,39.83
12.01,25.1,42.1,59.9,2.39,59.7,5.6,983.3,autumn,wetland,9.2
113.3,7.6,52.4,6.9,5.94,63.7,7.22,986.7,winter,urban,51.41
65.07,5.9,50.6,51.1,2.63,46.4,2.8,980.4,summer,forest,32.19
70.4,0.2,68.0,51.8,1.03,33.0,8.63,1033.1,autumn,urban,23.36
22.6,12.6,64.9,33.2,5.62,15.1,2.4,1020.3,summer,urban,14.72
27.14,7.1,75.1,20.6,0.51,38.0,8.4,997.9,winter,forest,13.72
136.07,9.8,96.5,31.2,5.57,24.1,0.79,993.3,summer,agricultural,51.73
6.7,4.4,50.0,17.5,2.38,63.0,1.6,1021.0,winter,urban,10.91
34.93,25.5,78.5,47.9,6.1,80.3,3.81,1035.2,autumn,wetland,27.23
43.81,32.2,31.8,29.9,6.27,34.2,8.54,997.9,winter,agricultural,20.62
73.53,14.9,48.4,55.6,5.93,36.6,1.45,999.3,winter,wetland,34.83
87.97,20.7,62.5,37.4,0.68,63.6,8.75,1031.3,winter,urban,38.3
73.99,29.7,32.2,30.9,5.78,21.9,2.3,1033.6,summer,urban,30.02
12.62,35.0,73.2,42.7,7.93,84.4,4.53,1034.8,autumn,agricultural,30.28
36.55,19.5,77.5,30.2,2.32,39.1,3.53,997.6,summer,forest,21.81
126.54,30.6,82.3,54.3,2.56,18.1,1.18,987.2,spring,agricultural,45.99
95.64,31.3,66.2,11.1,6.6,24.0,9.44,1006.4,autumn,urban,42.39
97.37,26.7,72.3,58.4,1.7,84.6,4.38,997.7,summer,forest,41.61
100.53,13.4,57.7,48.7,5.45,29.8,6.9,1033.0,summer,wetland,40.51
114.44,-1.8,32.9,51.6,6.16,63.0,5.75,982.2,spring,urban,51.51
8.72,-4.4,37.0,29.0,0.78,22.5,5.02,1018.0,autumn,agricultural,0.0
54.99,14.1,75.8,50.2,4.65,25.5,6.17,1034.4,autumn,agricultural,27.42
80.93,14.8,99.7,18.4,4.82,80.3,8.98,1038.6,spring,forest,40.89
50.77,11.3,31.1,45.7,2.78,21.8,6.99,1019.0,autumn,urban,20.22
126.67,17.7,69.0,8.4,7.07,11.5,5.32,1037.0,spring,urban,48.44
72.39,17.1,82.6,18.4,1.72,50.1,6.45,984.5,spring,urban,48.33
115.29,28.5,87.9,26.7,3.23,79.0,6.06,1001.6,summer,forest,50.64
127.8,-0.7,68.2,19.3,6.87,36.1,4.33,980.5,summer,urban,44.69
75.72,4.0,73.4,23.2,1.93,20.3,6.25,1038.9,winter,forest,22.31
136.43,26.7,78.8,49.2,6.66,88.6,4.44,1034.2,spring,agricultural,68.96
88.07,28.9,90.1,15.4,1.09,64.1,7.58,981.7,summer,agricultural,47.31
127.54,34.8,38.6,44.7,4.17,78.1,9.69,981.1,autumn,wetland,54.9
51.09,29.9,94.8,4.4,1.06,70.2,9.6,1002.0,spring,wetland,35.09
74.82,30.6,31.8,45.9,5.58,65.9,8.21,995.5,winter,wetland,42.91
79.71,7.6,88.5,47.5,6.43,40.8,6.02,1030.8,autumn,wetland,36.96
15.75,11.1,35.4,24.1,6.87,35.9,7.49,989.6,winter,urban,14.24
59.78,5.7,43.6,43.3,7.86,67.4,1.78,1027.4,winter,wetland,37.26
137.6,19.3,30.3,54.9,5.54,67.3,4.79,1013.3,spring,urban,65.74
94.62,32.6,61.2,48.0,6.27,86.0,2.57,1002.6,summer,agricultural,51.94
26.63,8.8,53.4,23.4,4.29,55.5,0.03,988.7,autumn,forest,17.22
50.83,17.3,41.6,29.1,7.35,33.6,9.67,1039.9,spring,forest,26.77
28.74,6.9,61.6,46.8,5.33,49.2,8.64,1017.1,summer,forest,30.24
3.72,1.8,58.2,17.6,7.13,59.1,5.14,1006.4,autumn,forest,16.52
139.12,2.8,83.7,48.2,2.27,44.1,2.54,1002.3,winter,agricultural,60.38
67.23,-2.7,92.5,19.7,4.23,73.3,6.93,1034.3,summer,forest,39.86
46.13,33.0,75.7,48.4,5.97,56.8,4.35,1029.3,winter,agricultural,29.62
89.77,11.1,38.7,5.2,2.02,10.8,8.03,1028.7,autumn,agricultural,34.69
1.1,28.4,50.7,2.7,2.09,55.6,10.0,1017.0,spring,forest,14.32
41.7,22.3,93.9,59.9,7.84,60.7,3.49,1033.3,summer,forest,32.19
105.46,2.7,36.2,52.2,3.76,83.2,2.44,998.0,winter,agricultural,52.55
95.07,2.0,58.5,53.0,1.86,43.1,2.67,1022.2,spring,urban,36.57
147.27,27.5,96.0,57.1,2.99,56.0,0.93,1004.3,spring,agricultural,63.07
93.05,5.6,96.5,26.3,3.48,48.0,3.94,1016.0,summer,agricultural,41.49
71.63,31.5,58.8,17.2,5.17,52.5,0.17,1039.9,winter,urban,35.19
114.21,0.6,76.7,7.8,7.42,15.4,1.14,1039.1,autumn,urban,61.4
135.5,22.1,62.0,30.1,7.9,81.8,2.72,1010.8,spring,wetland,57.58
108.1,27.6,82.7,13.2,5.39,82.8,1.6,1014.4,summer,agricultural,59.02
144.48,4.4,32.2,56.1,5.75,53.8,7.32,1033.8,winter,forest,57.44
117.3,6.0,40.1,0.2,2.91,54.5,1.06,1039.1,spring,urban,52.16
130.02,33.6,73.0,8.6,6.93,14.6,8.66,1026.7,autumn,wetland,65.48
17.12,5.6,46.3,14.8,2.13,57.8,2.21,983.9,summer,urban,11.15
109.86,12.2,76.6,11.9,1.3,44.3,1.09,999.4,winter,agricultural,42.23
66.01,12.3,54.6,13.5,7.8,66.7,0.1,1033.8,winter,wetland,38.99
82.97,5.1,92.1,39.4,6.98,13.8,7.15,1026.1,winter,urban,31.31
98.12,26.0,87.3,19.7,2.78,66.9,2.57,1024.5,spring,forest,50.49
145.47,25.9,64.5,36.9,5.56,33.0,5.09,1020.1,summer,wetland,56.64
147.69,10.1,84.1,53.4,4.0,62.1,1.12,1004.9,autumn,urban,66.36
43.23,28.4,49.0,36.2,2.92,60.2,9.85,1004.2,summer,urban,18.63
110.06,3.5,64.6,41.7,2.65,28.1,1.25,1028.5,autumn,wetland,34.93
112.5,-4.8,43.8,21.9,1.52,45.2,4.12,997.6,autumn,agricultural,45.59
51.97,17.8,90.3,9.6,4.62,76.9,8.52,1021.1,summer,wetland,24.95
18.58,34.8,87.6,19.2,3.85,58.4,2.45,1023.6,spring,wetland,25.43
6.14,-3.5,93.2,57.9,4.34,15.5,2.67,1030.7,winter,wetland,0.0
116.6,3.3,91.4,37.3,2.12,45.4,8.08,999.2,winter,wetland,42.98
73.45,15.8,97.2,16.7,7.54,34.9,2.73,1024.5,winter,wetland,38.58
147.83,27.4,46.0,27.1,5.29,61.3,0.03,986.4,summer,agricultural,61.7
69.75,-1.4,95.2,50.1,7.25,59.2,4.28,988.3,summer,wetland,30.27
146.69,10.8,70.0,40.1,1.32,10.8,0.13,1005.0,summer,agricultural,63.41
61.74,24.9,59.6,33.6,5.17,58.6,9.1,983.3,spring,forest,28.4
119.05,9.9,69.2,53.1,6.87,68.8,6.42,1036.9,spring,urban,55.12
12.72,2.6,54.0,40.3,2.98,71.5,5.83,1034.1,summer,wetland,15.42
83.32,2.8,50.2,38.6,1.96,14.7,2.02,982.9,winter,forest,35.62
120.31,11.4,46.9,11.4,2.49,34.3,7.0,1030.3,spring,wetland,50.98
138.71,14.2,35.8,6.4,2.55,43.7,6.77,1010.5,autumn,agricultural,52.54
123.39,29.5,64.8,57.9,3.85,24.4,0.6,1022.1,autumn,agricultural,47.11
5.55,20.7,92.1,35.9,2.94,43.7,8.81,1033.2,summer,forest,8.55
55.91,22.6,74.1,24.9,2.53,15.7,5.79,1014.6,winter,wetland,26.9
7.3,34.3,66.5,35.3,5.36,19.1,7.92,987.0,spring,forest,2.76
16.39,11.5,60.0,3.7,0.9,63.5,2.63,980.2,winter,wetland,25.86
101.3,11.1,62.5,49.3,3.05,31.0,1.22,1009.8,autumn,urban,37.7
106.99,31.9,44.6,13.0,5.67,66.9,7.02,1037.0,summer,wetland,51.37
116.06,4.8,87.6,48.3,1.82,13.8,7.94,1014.4,winter,forest,36.99
129.82,24.2,43.9,32.1,2.16,55.0,3.86,1002.4,summer,wetland,48.09
110.91,25.2,80.2,16.6,2.0,41.3,0.24,981.9,winter,urban,41.91
120.13,-1.1,83.2,1.8,0.51,73.8,8.18,1034.9,spring,agricultural,48.22
7.34,13.7,70.2,49.0,4.05,72.7,2.06,999.6,spring,urban,13.57
35.18,3.0,90.4,10.6,0.79,40.0,3.39,1022.3,autumn,agricultural,13.68
93.28,2.4,50.4,3.1,2.55,59.8,6.28,1021.7,winter,wetland,46.76
128.72,13.6,91.7,45.4,7.96,28.2,1.0,995.2,spring,forest,50.78
0.68,6.6,81.1,21.0,7.39,56.4,0.72,983.8,winter,wetland,9.69
77.19,26.8,85.9,23.4,2.11,16.5,0.26,1003.1,winter,forest,28.74
101.59,31.3,76.5,14.8,2.83,44.8,9.17,999.0,summer,wetland,48.74
4.44,27.1,89.2,51.6,3.98,24.6,3.11,1022.0,winter,wetland,8.32
60.2,5.6,99.5,17.8,6.83,80.7,6.61,1029.2,winter,forest,37.45
134.35,6.0,59.4,12.6,6.52,45.6,9.89,993.3,spring,wetland,51.16
100.74,5.2,87.0,18.6,1.45,57.3,6.69,1011.7,winter,urban,38.59
35.65,0.4,82.1,12.2,1.43,38.8,5.25,982.4,autumn,forest,12.55
127.92,32.8,61.7,19.1,3.63,33.1,5.21,992.9,spring,forest,58.53
52.2,11.1,94.9,5.0,7.03,26.2,3.77,1025.7,autumn,wetland,30.19
128.0,4.0,57.6,9.5,7.12,82.9,6.0,1027.6,autumn,forest,58.14
44.84,28.9,69.6,25.0,1.31,74.0,9.59,1026.6,winter,urban,24.03
88.55,11.0,37.4,52.8,4.81,20.7,7.88,988.5,winter,forest,32.36
59.54,-3.6,45.8,3.4,1.67,69.7,4.24,1013.1,summer,wetland,27.92
41.22,1.5,88.8,12.8,5.65,43.5,3.32,1005.4,summer,urban,27.35
132.98,20.6,57.8,54.5,7.37,11.2,8.84,1039.5,spring,urban,51.16
28.14,26.3,57.6,53.4,3.91,52.3,1.36,1019.2,spring,forest,30.09
12.72,3.4,47.2,40.8,1.12,20.4,8.5,1036.1,autumn,forest,13.42
51.29,31.7,64.4,14.4,4.84,26.8,2.55,988.7,winter,forest,31.98
107.65,29.0,86.4,25.2,3.56,65.7,7.16,1007.1,spring,urban,52.87
121.11,28.9,92.7,12.7,6.58,30.6,8.06,1026.3,autumn,forest,49.47
149.81,4.1,34.9,7.7,3.05,81.4,4.77,1002.1,autumn,forest,69.67
44.45,-3.0,70.2,22.8,7.06,62.6,1.92,1018.0,spring,wetland,28.3
61.19,29.7,62.7,34.5,2.55,76.6,8.45,1010.7,spring,agricultural,41.98
20.52,7.2,73.0,21.6,1.68,59.2,3.68,1039.5,summer,agricultural,18.82
86.23,19.8,61.3,36.6,2.8,79.5,3.21,990.4,autumn,urban,44.76
149.64,25.4,57.9,17.8,0.76,38.9,5.1,1036.1,summer,forest,58.85
105.13,0.1,63.0,20.8,2.61,53.9,4.35,1004.1,winter,forest,55.04
89.28,26.2,70.7,47.4,5.45,51.3,6.83,1008.1,summer,agricultural,34.84
58.86,32.5,65.1,52.7,1.57,82.3,1.37,1011.7,spring,forest,42.27
137.29,24.1,63.1,19.3,1.34,23.2,4.36,995.9,spring,wetland,51.07
74.54,12.6,87.2,34.3,1.49,56.2,8.92,1037.8,summer,urban,27.56
20.16,30.1,82.2,16.7,1.08,70.4,0.36,1034.7,summer,forest,14.36
54.81,16.1,53.9,3.2,7.06,39.6,4.57,1038.4,autumn,forest,22.22
10.08,24.8,86.0,44.3,7.58,79.4,6.61,1039.8,summer,urban,23.55
30.3,27.8,89.8,10.3,0.85,39.8,8.88,1020.2,spring,urban,11.42
2.65,25.0,40.7,25.5,6.2,23.9,5.94,1007.1,spring,agricultural,9.5
67.99,6.5,70.8,29.2,6.03,56.7,8.24,1031.0,autumn,urban,41.8
95.18,-0.3,50.0,11.1,7.98,43.6,2.23,981.4,summer,agricultural,42.55
51.49,4.5,81.7,5.7,3.11,11.2,3.53,1030.1,autumn,urban,20.56
63.06,15.1,46.7,20.9,2.64,15.6,9.42,1009.8,winter,wetland,19.12
143.88,15.2,77.0,57.1,3.9,25.6,8.86,1020.4,summer,forest,53.79
112.79,18.3,47.9,36.9,6.92,71.5,5.58,1002.4,autumn,agricultural,67.6
81.13,10.8,65.8,22.9,5.96,81.4,4.75,1002.1,winter,wetland,48.57
42.68,26.5,96.4,2.3,4.04,53.7,4.51,981.9,spring,urban,24.62
134.55,31.5,56.7,36.0,2.33,18.4,0.59,1005.4,autumn,forest,47.92
35.26,4.9,91.3,5.5,5.95,52.8,8.92,1004.5,summer,forest,24.25
48.8,24.5,99.1,32.6,6.91,78.4,8.18,993.5,autumn,wetland,33.97
136.36,22.1,91.2,45.1,3.5,70.0,4.56,994.8,autumn,urban,57.79
79.43,15.9,41.6,25.4,5.51,33.3,2.79,1015.0,spring,forest,39.21
111.35,2.5,87.4,18.0,3.5,19.9,3.43,999.1,spring,wetland,39.46
88.61,26.8,32.3,2.8,4.09,82.1,1.23,1029.8,spring,wetland,41.68
98.02,33.4,57.5,1.5,4.44,78.3,7.22,986.7,spring,urban,51.06
44.91,23.9,91.0,25.8,6.32,14.3,5.57,1014.7,spring,wetland,16.28
36.21,31.7,78.2,53.0,7.83,75.9,2.34,989.6,autumn,agricultural,32.79
48.37,34.4,67.3,14.6,3.83,17.8,6.23,1011.7,winter,agricultural,21.99
23.32,9.1,57.2,34.4,3.07,15.1,9.79,1013.2,summer,urban,2.56
131.15,20.5,86.9,41.1,3.3,70.7,1.22,1018.5,winter,urban,58.81
42.49,14.0,79.7,3.6,1.5,52.9,4.58,1005.6,autumn,agricultural,15.28
84.22,34.5,62.8,9.2,2.73,43.2,4.94,1010.6,winter,urban,41.17
118.8,-1.2,92.5,19.9,1.15,82.3,1.67,990.9,autumn,forest,53.12
117.57,11.5,46.1,40.2,3.71,77.1,5.32,1007.8,spring,forest,63.88
65.76,30.0,41.9,26.3,1.76,14.6,6.06,1002.4,autumn,agricultural,31.14
71.44,6.4,75.0,44.1,3.1,59.3,1.57,1020.0,autumn,forest,30.11
149.21,26.5,98.0,52.1,6.45,71.8,1.55,1006.1,autumn,forest,56.93
101.19,10.3,47.3,45.5,2.34,54.0,8.56,1026.8,winter,urban,40.28
122.2,34.2,47.5,59.5,5.09,88.6,3.11,1005.6,spring,agricultural,52.68
135.38,30.3,39.8,45.3,7.26,64.9,6.3,994.1,autumn,wetland,70.83
118.14,7.1,90.2,51.1,4.75,18.3,6.27,996.4,winter,urban,46.51
27.78,25.8,45.8,49.9,1.95,25.9,8.39,982.7,spring,wetland,18.41
84.33,8.5,65.2,43.8,3.09,76.1,7.4,1012.4,summer,wetland,40.73
15.28,19.3,99.4,48.1,4.93,89.7,8.41,1029.9,winter,agricultural,20.47
97.94,21.3,30.8,56.1,4.3,17.9,6.25,1026.1,spring,agricultural,38.8
143.3,28.2,69.0,28.5,1.61,18.0,4.49,1006.3,spring,urban,58.89
76.91,-4.0,65.9,38.3,3.85,71.1,3.94,991.8,winter,forest,41.26
64.95,3.8,86.5,30.9,4.57,15.1,3.79,1031.8,spring,urban,22.57
5.38,23.5,54.9,51.1,2.5,15.5,4.18,983.4,autumn,wetland,13.09
143.97,17.5,58.7,25.9,5.09,81.1,1.29,1004.0,winter,agricultural,64.58
15.45,14.8,41.8,49.2,1.03,74.0,4.24,1031.4,summer,wetland,13.86
6.16,-2.8,81.9,48.0,3.02,80.5,3.89,1003.6,summer,wetland,1.35
36.91,8.9,84.9,57.7,6.53,62.0,0.35,987.1,summer,agricultural,29.45
9.83,29.6,39.6,14.9,2.44,35.8,2.75,996.0,summer,forest,10.84
68.27,-3.8,57.5,42.6,5.04,82.5,7.52,1016.0,summer,urban,39.57
77.41,10.9,92.5,45.4,3.58,33.9,5.78,989.1,autumn,urban,31.83
46.89,32.8,30.2,56.2,2.87,32.0,8.06,1019.3,winter,forest,19.11
7.64,-3.0,50.9,54.4,7.37,80.9,5.43,1006.3,winter,agricultural,17.5
16.74,25.0,68.9,34.4,3.07,64.5,8.54,1000.1,winter,agricultural,19.19
57.68,5.3,53.4,34.7,2.28,81.7,7.96,994.5,spring,urban,36.36
9.08,29.7,49.0,10.0,7.32,22.5,0.98,1029.4,summer,wetland,11.0
104.73,24.8,62.2,58.5,6.09,86.2,9.77,1003.8,winter,agricultural,57.54
31.05,30.4,42.7,15.3,5.61,59.0,0.15,1024.3,autumn,agricultural,23.5
45.31,3.6,67.1,43.5,0.87,63.4,5.97,1006.4,summer,agricultural,22.38
59.12,16.3,79.5,47.7,1.48,83.1,7.93,985.5,summer,agricultural,33.99
62.49,26.2,70.3,26.5,5.29,40.5,3.32,1006.4,spring,forest,24.68
0.25,4.8,36.5,12.7,2.07,67.6,5.99,1010.5,summer,wetland,12.49
16.81,4.2,89.1,11.3,2.19,61.2,3.62,1007.5,summer,forest,8.7
129.41,-3.9,42.2,51.4,6.34,73.0,0.61,1029.0,summer,urban,55.13
0.18,33.3,83.5,30.6,2.64,81.8,0.08,1034.7,autumn,wetland,3.73
76.23,23.4,55.2,5.4,1.04,64.4,0.95,1027.2,summer,agricultural,36.14
73.43,20.4,84.8,43.0,0.77,15.4,0.98,1015.0,spring,urban,35.77
49.96,24.8,44.4,15.0,3.82,24.7,6.11,1012.5,winter,urban,23.05
64.7,16.3,43.1,52.6,5.13,86.3,5.26,1018.7,summer,wetland,41.6
117.09,14.0,64.8,18.6,7.02,87.5,4.55,997.3,summer,agricultural,70.88
126.18,13.0,32.3,12.0,1.33,87.4,6.92,1028.7,autumn,urban,59.77
39.05,20.6,45.8,5.1,1.98,12.9,0.17,1031.4,autumn,wetland,13.25
48.37,3.1,80.7,30.7,4.47,40.6,2.71,996.0,autumn,agricultural,22.71
36.37,30.5,88.6,27.0,3.23,70.8,7.77,1034.2,spring,wetland,25.0
71.98,27.5,35.7,45.1,4.12,70.2,9.1,1030.9,autumn,wetland,34.5
102.49,9.0,91.7,27.9,7.43,16.9,4.38,1005.5,spring,urban,40.78
34.24,18.1,85.8,20.6,4.59,58.8,0.81,1034.5,winter,forest,28.94
49.61,0.6,90.9,15.7,3.61,21.4,7.99,987.2,summer,forest,27.89
139.56,33.9,78.9,16.7,7.92,49.5,8.85,981.7,summer,urban,53.59
7.29,31.1,77.2,55.7,0.99,29.2,4.14,1000.9,summer,agricultural,2.31
69.12,31.9,66.8,9.9,7.49,14.3,2.43,1013.9,summer,agricultural,29.68
106.73,8.3,75.7,59.3,4.26,16.4,0.44,1001.1,autumn,urban,45.01
22.57,1.8,94.3,19.6,4.28,82.9,5.91,1036.5,summer,forest,28.78
7.11,3.5,37.0,5.3,7.41,69.6,9.1,995.3,spring,agricultural,31.8
20.73,-1.4,52.1,14.9,4.3,84.5,6.78,996.9,autumn,wetland,20.42
137.82,-0.2,35.1,3.5,3.79,47.6,3.17,1018.1,summer,wetland,56.1
1.39,-2.1,96.1,47.4,2.54,43.1,6.43,980.2,spring,forest,10.65
28.25,34.6,61.2,30.8,5.44,38.7,8.32,1023.7,winter,urban,15.6
4.69,-2.0,77.3,20.2,4.77,59.3,4.76,1002.6,summer,urban,13.01
16.59,0.3,88.9,39.7,2.11,38.1,8.2,1038.7,autumn,urban,9.93
93.02,28.1,99.4,37.8,5.82,69.7,3.92,1021.5,spring,agricultural,33.61
36.25,18.2,41.3,56.4,5.33,74.1,3.49,983.1,summer,wetland,27.38
85.38,26.0,86.0,57.7,3.48,80.1,5.83,985.6,summer,urban,42.32
88.53,20.2,92.1,40.8,0.53,29.4,4.65,985.3,spring,forest,41.13
127.42,30.3,33.4,49.1,3.85,52.2,9.77,1037.2,winter,urban,54.06
0.71,20.5,82.8,47.5,0.55,27.9,5.16,1021.0,summer,agricultural,0.0
128.01,15.9,54.8,29.5,1.06,13.0,3.85,1005.7,autumn,forest,45.53
92.87,23.5,75.4,42.3,3.73,66.6,3.95,992.0,autumn,wetland,33.98
24.41,12.9,66.0,4.7,1.11,53.9,5.48,1032.4,summer,wetland,11.1
115.94,8.8,48.2,45.5,2.57,67.9,3.55,992.1,autumn,forest,54.91
128.32,13.7,39.5,57.7,5.42,17.0,7.23,1022.4,autumn,urban,49.05
38.14,1.8,38.2,5.1,2.81,89.6,3.81,1025.8,spring,agricultural,33.37
137.82,26.9,37.2,50.2,7.98,89.5,3.84,997.7,autumn,wetland,57.02
68.17,5.4,74.6,56.0,7.37,47.2,6.17,1010.3,spring,urban,34.2
90.51,1.1,54.6,13.6,4.89,79.3,0.61,993.4,summer,forest,44.8
147.7,4.9,45.2,31.5,7.75,29.5,6.55,1002.7,summer,forest,66.14
54.23,28.7,78.4,55.7,7.01,69.0,5.05,1037.9,summer,wetland,36.94
121.97,8.2,78.1,57.6,2.89,80.3,4.53,1021.6,spring,urban,58.89
47.76,22.4,67.7,7.7,6.12,75.2,7.19,1030.8,autumn,urban,40.08
119.88,29.3,95.4,20.9,1.53,74.9,7.58,1012.4,summer,urban,51.78
90.11,-1.9,57.0,41.9,5.63,47.0,8.46,994.3,spring,agricultural,48.52
32.45,25.6,88.5,13.3,4.18,75.6,3.75,1022.8,spring,forest,20.37
62.1,7.3,35.3,19.5,0.63,65.3,3.27,1010.0,autumn,urban,26.07
47.65,3.7,81.8,1.4,2.56,20.6,7.14,990.6,autumn,forest,25.19
11.72,22.6,99.2,9.2,7.67,19.1,5.82,1004.7,autumn,urban,5.1
4.48,31.4,89.3,33.7,2.87,71.8,6.32,1018.1,autumn,forest,16.5
51.97,6.8,70.6,39.2,1.86,60.0,5.56,1024.1,winter,agricultural,28.13
2.86,17.8,73.9,38.9,1.91,51.6,7.73,994.6,winter,wetland,14.45
24.82,6.6,54.7,46.7,4.09,82.6,1.9,1032.6,winter,agricultural,23.02
108.78,17.2,77.6,24.9,6.82,62.8,5.56,1002.8,winter,wetland,52.45
106.21,19.9,83.9,16.4,6.19,41.7,1.58,996.3,winter,urban,50.52
110.79,19.4,99.9,0.9,3.78,43.1,4.07,991.7,summer,urban,44.73
47.57,19.9,64.5,12.4,2.07,58.4,6.64,1028.3,autumn,urban,22.95
133.5,0.4,34.3,18.7,0.85,70.8,4.93,1001.2,autumn,agricultural,59.78
89.07,22.7,71.7,10.7,3.97,55.1,3.8,1009.0,spring,wetland,42.07
18.9,22.0,38.3,1.2,6.61,50.7,8.85,993.4,autumn,urban,17.01
21.56,22.3,47.1,9.4,5.97,68.2,7.73,1021.2,autumn,wetland,21.56
103.96,-2.0,53.0,40.0,3.56,66.4,5.26,1026.9,autumn,forest,56.11
25.94,12.9,81.2,37.8,4.96,76.4,9.5,1000.4,winter,agricultural,21.07
76.09,11.4,42.9,56.1,3.77,15.0,4.24,1036.7,autumn,agricultural,28.21
148.77,-1.5,41.6,47.9,4.84,70.4,7.88,981.8,winter,wetland,56.61
0.6,3.9,33.1,34.1,4.38,51.1,1.68,988.0,winter,forest,10.4
2.49,12.6,91.1,8.3,5.61,16.0,2.86,1015.3,winter,urban,10.73
148.96,24.7,78.5,33.8,4.31,64.3,3.38,1022.1,summer,wetland,68.57
87.7,4.5,32.8,3.7,7.55,67.3,1.06,995.0,spring,agricultural,47.25
19.04,28.2,32.0,25.9,3.71,51.9,5.02,1013.2,summer,urban,21.43
134.6,16.8,69.1,23.4,0.62,73.5,1.92,999.1,autumn,wetland,61.72
132.06,25.4,49.8,25.7,2.27,34.0,6.34,1013.2,winter,wetland,57.88
80.43,13.9,71.8,16.8,4.25,26.2,1.9,1019.6,winter,agricultural,39.97
93.27,15.0,60.4,41.1,4.55,38.1,1.24,1038.4,autumn,forest,48.96
40.98,19.8,94.6,50.5,4.64,42.8,9.69,1007.3,autumn,urban,22.14
7.58,32.1,50.1,46.1,5.86,65.7,6.58,1018.9,winter,wetland,9.3
89.19,14.7,77.5,37.7,2.56,77.6,9.36,1014.7,autumn,agricultural,47.01
44.21,16.1,33.8,32.3,5.49,67.7,4.9,999.1,spring,agricultural,33.03
99.54,19.1,96.9,1.9,5.78,23.9,0.33,995.2,autumn,forest,50.85
125.44,24.5,98.7,43.4,3.58,39.3,5.74,1039.3,summer,agricultural,57.92
2.72,-2.1,81.7,32.7,3.52,22.7,5.58,992.4,autumn,forest,15.96
89.36,15.6,62.6,16.2,1.84,64.9,0.15,1027.4,autumn,forest,45.26
34.69,14.3,45.4,19.7,3.6,29.9,8.61,988.8,summer,agricultural,19.82
131.08,31.9,86.9,56.1,6.4,52.0,6.2,1028.3,summer,wetland,50.45
38.05,14.7,81.5,37.5,7.32,73.3,7.45,991.1,spring,agricultural,30.59
91.62,13.7,45.5,28.6,4.95,63.7,4.94,1038.0,summer,wetland,42.0
83.03,33.5,61.6,37.3,2.75,33.9,6.18,1021.2,winter,agricultural,36.34
59.42,13.0,62.4,24.8,5.62,36.6,2.57,985.4,autumn,forest,30.43
101.64,2.2,87.8,28.2,6.05,62.3,9.74,1021.6,winter,forest,51.06
108.87,3.7,77.9,17.4,2.99,54.0,4.01,1016.2,winter,wetland,47.55
85.04,-1.2,75.0,26.4,6.7,17.7,1.62,1000.3,winter,urban,41.85
113.76,-5.0,75.5,41.1,1.05,79.9,0.56,995.6,spring,urban,38.18
147.51,12.3,48.9,2.4,0.58,51.0,6.36,1023.1,summer,wetland,60.33
62.89,25.8,56.0,47.7,1.42,47.9,9.83,1024.5,spring,wetland,34.9
77.19,24.3,33.2,17.0,1.67,25.9,8.96,999.6,spring,forest,40.8
1.87,-3.7,85.1,41.0,7.09,40.2,7.02,1032.6,spring,agricultural,14.84
119.4,17.8,60.3,38.6,3.69,36.6,9.91,996.1,summer,agricultural,57.39
78.03,1.2,60.7,39.2,2.56,31.7,7.23,984.2,spring,forest,33.81
61.19,32.6,47.2,36.5,3.72,55.4,3.39,1016.0,winter,forest,31.82
14.11,1.7,44.7,57.5,3.46,47.0,6.01,986.4,autumn,agricultural,15.95
133.45,20.1,71.1,30.5,2.76,81.1,0.8,996.6,autumn,urban,60.42
59.25,8.0,46.3,43.9,1.53,85.3,2.22,1010.4,autumn,urban,29.86
102.39,20.7,34.5,42.3,5.42,27.6,4.18,997.2,winter,agricultural,40.67
22.41,11.5,83.7,14.2,1.52,18.0,2.02,992.9,spring,forest,5.82
144.23,25.4,56.4,17.0,6.32,72.8,9.54,1022.2,summer,agricultural,68.28
26.77,4.2,56.6,25.4,2.01,89.6,9.96,1012.8,summer,forest,23.47
29.93,31.2,60.2,16.7,5.99,79.1,3.71,1030.4,autumn,agricultural,24.81
128.85,15.0,87.1,22.0,6.54,11.9,7.09,1014.9,autumn,agricultural,48.49
136.89,25.2,52.5,23.5,1.44,30.1,4.08,1009.0,winter,forest,55.43
31.82,29.0,83.1,36.2,1.15,13.5,1.4,995.7,autumn,forest,17.19
70.47,35.0,95.8,13.2,7.62,75.7,3.37,1027.5,spring,wetland,36.03
110.02,4.0,76.3,48.3,3.97,56.5,2.33,991.8,autumn,wetland,42.64
131.75,6.5,60.2,26.3,5.23,51.1,3.28,994.5,winter,agricultural,62.04
56.86,5.0,82.3,42.4,0.67,54.4,2.15,1030.5,autumn,forest,20.76
77.55,5.5,62.1,4.9,2.59,30.2,1.12,1024.5,autumn,agricultural,36.33
111.26,18.3,59.0,28.2,4.29,58.1,2.17,1016.8,spring,wetland,58.5
109.67,34.7,66.8,1.7,7.15,12.5,9.06,982.3,spring,forest,53.58
117.44,34.6,52.2,40.6,2.54,61.7,0.85,987.6,spring,wetland,55.22
85.49,16.1,37.3,20.6,6.31,68.8,3.25,1010.0,spring,agricultural,48.26
15.69,20.6,59.0,57.0,5.47,63.8,5.28,1024.8,summer,urban,29.3
135.6,29.4,38.7,19.4,1.36,36.6,3.55,1007.8,winter,urban,41.8
129.84,32.3,58.7,33.8,2.7,76.1,5.18,981.0,summer,forest,55.76
119.71,3.2,69.0,15.4,2.28,67.2,0.43,991.1,autumn,wetland,57.73
14.98,16.1,95.1,37.2,3.82,20.3,6.49,1015.3,winter,forest,8.58
30.66,28.3,32.5,28.0,5.27,25.6,5.63,1021.7,winter,wetland,24.14
111.54,7.1,73.5,22.2,3.75,61.0,6.81,982.0,autumn,agricultural,50.2
3.47,12.6,62.0,12.2,2.33,33.2,5.67,982.6,winter,wetland,8.19
146.88,34.4,31.4,6.7,5.72,19.6,4.38,995.7,summer,wetland,57.19
56.57,34.4,47.5,7.2,4.88,22.4,3.5,985.0,summer,urban,24.14
107.9,31.2,38.3,59.9,4.39,23.2,2.26,1012.5,summer,wetland,40.72
133.14,26.9,45.2,24.7,4.66,48.2,5.0,987.4,winter,urban,58.17
59.19,5.8,49.2,0.1,2.16,58.6,0.26,1018.9,summer,forest,27.35
47.87,7.8,58.1,57.2,5.6,24.1,3.28,1026.6,winter,agricultural,28.31
91.31,16.9,67.0,1.2,3.41,67.0,6.78,1038.2,spring,agricultural,47.64
87.15,17.4,30.1,25.1,3.23,32.5,1.09,1036.9,spring,wetland,42.9
61.37,15.2,41.3,43.0,1.62,34.9,0.63,996.4,autumn,forest,21.48
90.27,20.5,36.5,54.9,4.98,27.9,6.52,981.8,winter,urban,29.84
140.31,11.3,68.5,42.8,5.02,72.8,3.98,999.8,autumn,urban,62.97
70.15,25.0,53.0,27.8,3.05,86.8,8.02,1022.5,summer,urban,53.55
29.51,8.3,68.4,58.5,6.95,49.4,9.37,983.6,spring,agricultural,27.99
56.58,8.2,45.5,2.4,6.84,13.4,9.57,1001.6,summer,urban,23.98
59.12,0.1,31.7,59.2,1.32,30.8,4.26,997.9,summer,agricultural,27.1
19.67,2.5,95.9,51.0,5.71,22.6,2.64,993.2,summer,wetland,17.34
24.43,29.0,37.6,55.7,3.45,77.4,6.09,1022.4,winter,wetland,14.67
102.68,12.9,38.9,15.3,8.0,16.8,6.28,1019.5,winter,wetland,51.08
50.92,4.1,40.3,8.5,2.19,87.3,6.22,1012.1,winter,agricultural,31.35
143.23,25.4,98.7,39.8,2.6,57.1,3.22,1034.6,spring,forest,59.37
36.54,17.2,73.2,31.0,3.82,51.4,0.64,986.2,spring,wetland,23.02
14.84,-4.2,72.7,31.4,2.52,77.8,2.1,989.0,summer,urban,23.86
113.03,7.7,99.1,55.5,5.69,12.2,1.54,1003.0,autumn,wetland,40.98
132.16,2.1,36.2,37.2,4.11,72.2,1.24,1019.4,autumn,forest,51.02
41.72,21.2,98.2,18.7,2.16,19.3,9.26,1015.0,summer,agricultural,20.0
30.31,6.0,44.3,24.0,4.3,77.3,0.14,984.4,spring,agricultural,14.93
27.86,-2.4,73.6,8.0,7.17,52.3,6.02,1037.5,summer,agricultural,21.37
78.3,-2.8,59.4,11.5,6.44,14.9,9.47,998.3,winter,urban,40.02
70.26,18.3,56.9,8.6,4.24,76.7,3.6,1001.5,winter,urban,42.03
38.92,-4.1,95.2,48.6,2.66,12.2,5.27,1017.4,winter,agricultural,21.56
6.78,29.0,40.4,42.3,1.85,21.1,6.96,1036.7,autumn,urban,8.92
72.22,1.2,99.8,31.8,7.09,73.8,3.17,1019.8,spring,forest,53.28
143.9,19.3,56.5,22.5,5.83,47.2,4.78,1037.3,winter,agricultural,58.48
97.88,12.8,75.4,40.1,4.79,80.5,8.17,991.3,spring,agricultural,50.95
74.33,12.7,97.8,48.8,7.1,60.8,7.45,1017.1,summer,urban,37.28
16.6,-2.1,34.0,52.9,1.41,59.9,8.08,1029.7,winter,wetland,19.25
37.87,27.1,94.6,32.8,5.62,33.4,9.87,1010.5,autumn,forest,21.3
44.22,30.7,69.7,49.2,2.13,20.7,3.7,1001.7,spring,agricultural,27.71
114.72,-4.6,79.3,30.7,1.4,86.9,7.47,1039.1,autumn,forest,50.67
131.51,2.1,40.4,28.5,3.99,18.4,6.03,988.5,spring,agricultural,58.14
135.25,31.2,67.3,51.9,3.41,52.3,6.67,1004.7,summer,urban,59.5
147.69,17.0,77.1,23.2,7.56,31.8,7.4,1032.4,winter,forest,61.51
147.36,1.0,61.9,23.8,2.93,31.1,7.5,1034.0,summer,wetland,60.45
142.95,3.1,40.8,18.3,6.61,57.6,8.86,1038.8,winter,forest,64.45
10.77,21.4,47.1,31.1,6.12,73.8,3.49,1033.1,autumn,forest,20.72
20.67,24.0,89.8,32.7,5.51,72.2,6.53,983.1,autumn,urban,20.45
45.67,19.0,32.4,39.6,7.4,79.5,2.8,1035.8,autumn,forest,29.39
82.93,33.1,79.6,25.8,3.56,33.4,5.95,1005.7,autumn,forest,34.4
14.55,14.8,100.0,13.1,3.42,47.3,7.51,1019.1,spring,agricultural,5.87
126.87,7.0,30.5,52.0,1.71,10.7,7.91,1003.7,winter,urban,50.16
92.51,14.1,41.3,20.8,2.57,69.7,4.2,1028.8,summer,wetland,38.1
81.35,9.4,77.2,55.4,7.1,34.2,5.09,1014.6,autumn,agricultural,36.83
24.8,4.0,34.2,12.4,4.06,54.9,3.34,1030.7,autumn,agricultural,22.99
37.99,-3.2,71.3,33.6,3.06,23.5,1.69,991.6,autumn,forest,22.72
24.05,9.1,77.9,32.2,2.12,75.6,2.61,991.1,summer,agricultural,11.8
127.79,23.5,71.2,49.7,4.14,75.4,9.12,1006.4,winter,forest,57.43
87.63,-4.3,55.6,8.3,5.87,80.2,3.09,980.3,spring,forest,49.38
110.27,12.6,78.8,54.6,2.65,13.7,9.75,1021.6,autumn,agricultural,41.45
44.4,20.8,71.6,31.9,6.18,89.4,2.41,997.8,autumn,urban,39.86
55.69,19.4,44.5,35.2,5.22,29.8,7.23,1013.4,autumn,urban,22.97
60.73,26.1,69.4,30.6,6.41,34.8,5.74,984.2,spring,wetland,20.45
114.0,27.4,91.7,2.2,2.38,29.9,6.97,990.2,summer,forest,49.96
115.85,23.5,76.7,29.8,5.23,31.4,6.44,1017.4,spring,agricultural,45.84
31.02,-0.9,63.0,15.8,1.65,54.2,7.07,998.3,autumn,agricultural,10.85
141.23,14.0,52.5,20.6,3.23,29.2,9.06,992.9,autumn,forest,54.73
18.1,19.1,36.0,38.9,5.93,41.5,5.63,993.7,autumn,wetland,22.4
134.42,4.8,47.1,29.9,5.24,62.4,0.68,992.9,winter,wetland,53.66
15.06,-3.3,30.8,5.6,1.91,76.9,2.71,1017.4,summer,forest,29.76
39.68,3.9,99.1,4.4,6.94,65.4,7.08,990.1,summer,agricultural,24.62
126.97,13.2,45.6,11.1,0.9,57.5,4.94,1001.8,summer,wetland,53.76
26.92,11.6,87.0,11.5,4.96,21.8,5.49,1021.3,spring,wetland,10.07
62.04,2.1,41.8,36.5,7.88,75.3,5.97,1010.8,winter,agricultural,38.49
67.48,28.0,49.9,10.7,4.49,13.0,3.83,1015.8,winter,wetland,28.08
36.79,32.0,59.3,52.9,6.51,31.1,7.74,995.1,summer,wetland,13.86
106.54,3.1,52.7,12.6,4.96,14.6,7.24,1036.0,winter,wetland,56.96
127.7,32.2,85.9,5.5,6.37,63.4,7.14,1004.8,spring,urban,56.36
131.19,-4.3,97.0,52.5,5.42,39.5,7.15,997.2,spring,urban,52.29
50.9,32.0,91.3,17.7,5.68,62.2,8.9,1034.3,summer,agricultural,35.73
79.63,33.1,40.8,25.5,2.21,37.8,5.95,1019.3,summer,wetland,43.56
37.26,-4.5,84.4,57.5,6.06,46.5,9.67,1016.8,spring,urban,28.86
36.72,25.5,40.4,56.7,2.28,46.6,1.19,1033.2,autumn,urban,14.48
24.19,33.8,93.9,42.9,7.85,13.6,6.32,983.5,winter,urban,16.69
141.0,31.2,66.3,4.1,2.21,44.4,7.17,1030.3,summer,urban,47.93
133.2,33.8,53.5,35.6,2.28,61.3,4.77,1020.7,summer,wetland,61.19
116.6,17.0,41.0,59.3,6.94,53.7,2.88,1001.6,spring,forest,44.91
77.65,-1.9,30.8,56.8,2.32,16.0,5.5,995.4,summer,forest,26.01
73.59,29.0,47.4,6.4,3.21,63.4,3.65,986.3,winter,agricultural,37.51
79.46,19.6,94.0,23.8,5.86,34.7,9.09,1036.5,winter,forest,39.0
80.49,19.6,85.8,18.9,1.69,11.2,3.57,988.5,spring,wetland,29.33
65.18,11.7,97.9,7.8,1.69,22.4,1.76,995.6,spring,forest,34.89
19.76,17.9,37.1,41.7,4.15,49.8,5.76,1021.5,winter,wetland,20.2
18.85,1.1,71.5,16.4,2.33,34.8,3.96,1022.6,spring,forest,16.38
142.84,24.6,48.0,20.7,2.27,65.6,0.96,989.6,autumn,agricultural,55.03
72.3,-2.0,68.0,5.4,0.57,29.3,5.65,1028.8,winter,forest,38.26
142.98,24.2,52.4,29.9,3.28,71.8,5.38,1010.6,winter,wetland,58.56
24.54,29.0,49.8,9.5,2.89,32.9,1.73,1030.9,autumn,wetland,24.25
83.16,13.9,70.2,25.9,0.73,59.7,5.98,985.2,summer,agricultural,47.94
31.16,15.4,42.8,8.6,5.16,73.9,5.67,982.6,winter,forest,28.23
37.98,7.5,62.8,57.2,5.2,40.8,7.74,1018.2,autumn,wetland,27.21
4.51,33.8,75.6,8.7,1.03,13.7,3.62,989.0,winter,forest,0.0
17.84,24.3,39.0,31.3,2.88,52.8,2.49,1011.5,autumn,forest,14.75
137.53,9.8,95.1,11.8,7.05,89.6,9.51,980.8,winter,agricultural,72.02
48.23,2.0,65.4,4.6,4.87,87.5,5.61,1026.8,winter,wetland,38.15
91.22,3.8,87.4,12.1,3.59,27.7,0.27,1034.0,spring,wetland,32.6
69.75,13.6,75.8,3.3,3.99,70.5,8.21,1030.3,summer,urban,36.23
60.07,32.7,79.7,8.4,2.06,37.6,1.97,1037.5,winter,urban,15.37
79.78,24.4,80.1,29.6,6.59,22.8,7.86,1034.2,spring,urban,37.7
28.09,3.6,91.3,39.1,7.36,63.3,7.05,1006.6,autumn,agricultural,14.65
148.29,29.4,73.0,5.2,7.33,50.1,9.69,1003.9,summer,urban,70.34
122.75,10.1,49.5,26.5,2.18,53.1,9.66,1033.8,spring,wetland,57.58
111.24,29.1,37.0,34.9,2.83,76.2,2.74,1035.6,autumn,wetland,49.42
70.31,4.7,72.4,14.1,1.7,36.9,7.66,1038.4,winter,urban,33.45
22.93,19.7,34.6,22.3,2.8,63.4,3.17,1026.1,winter,wetland,18.08
138.1,32.1,46.9,4.3,3.0,39.3,6.29,992.1,summer,urban,57.43
51.21,5.3,34.2,13.2,5.25,13.4,5.98,1036.7,spring,wetland,17.83
7.52,22.7,68.4,28.0,1.92,40.2,0.55,1036.8,winter,agricultural,12.73
51.36,34.5,41.2,59.4,7.4,86.0,0.05,1020.0,winter,urban,27.4
119.17,1.0,72.7,59.8,1.27,48.7,0.58,1031.4,autumn,agricultural,39.65
93.41,-1.5,85.4,58.8,0.55,18.7,1.28,1013.7,autumn,wetland,34.08
112.63,22.0,87.5,25.4,6.91,65.0,2.58,1036.6,autumn,wetland,53.01
119.05,8.6,51.7,4.8,5.78,87.1,9.07,985.6,spring,urban,60.16
31.79,-2.2,68.4,19.4,3.17,82.6,5.19,1031.8,spring,wetland,22.16
138.57,14.0,69.4,14.3,4.97,55.8,7.97,983.3,spring,agricultural,69.58
65.7,25.2,63.1,0.8,2.18,40.1,8.38,1000.3,winter,agricultural,31.12
95.85,6.4,75.9,5.7,1.76,56.5,7.35,988.1,spring,urban,44.11
0.35,8.4,44.7,27.2,4.03,75.3,3.91,1008.7,autumn,wetland,14.89
149.01,28.8,98.5,20.4,3.15,78.9,8.64,993.9,summer,wetland,70.68
42.13,15.8,36.9,10.8,5.11,75.5,7.42,1037.1,spring,forest,32.46
30.0,18.0,65.0,12.0,2.8,48.0,1.8,1010.0,autumn,forest,22.5
